,0,1,2
contig_18610_21,0.0,1.0,1.0
contig_18610_20,0.0,1.0,1.0
contig_18615_17,0.0,0.0,1.0
contig_18615_16,0.0,0.0,1.0
contig_18615_15,0.0,2.0,1.0
contig_18615_14,0.0,0.0,1.0
contig_18615_13,0.0,0.0,1.0
contig_18615_12,0.0,0.0,1.0
contig_18615_11,0.0,0.0,1.0
contig_18615_10,0.0,0.0,1.0
contig_18615_18,0.0,0.0,0.0
contig_18620_13,0.0,2.0,0.0
contig_18620_12,0.0,0.0,1.0
contig_18620_11,0.0,0.0,1.0
contig_18620_10,0.0,0.0,1.0
contig_18620_17,0.0,0.0,1.0
contig_18620_16,0.0,0.0,1.0
contig_18620_15,0.0,0.0,1.0
contig_18620_14,0.0,0.0,1.0
contig_18620_19,0.0,2.0,1.0
contig_18620_18,0.0,0.0,1.0
contig_18606_20,0.0,0.0,1.0
contig_18606_21,0.0,0.0,1.0
contig_18577_67,0.0,0.0,1.0
contig_18577_66,0.0,0.0,1.0
contig_18577_65,0.0,0.0,1.0
contig_18577_64,0.0,0.0,1.0
contig_18577_63,0.0,0.0,1.0
contig_18577_62,0.0,0.0,1.0
contig_18577_61,0.0,0.0,1.0
contig_18577_60,0.0,0.0,1.0
contig_18577_69,0.0,0.0,1.0
contig_18577_68,0.0,0.0,1.0
contig_18609_4,0.0,0.0,1.0
contig_18609_5,0.0,0.0,1.0
contig_18580_65,0.0,0.0,1.0
contig_18580_64,0.0,0.0,1.0
contig_18605_20,0.0,1.0,0.0
contig_18640_5,0.0,0.0,1.0
contig_18640_4,0.0,0.0,1.0
contig_18594_22,0.0,0.0,1.0
contig_18594_23,3.0,0.0,1.0
contig_18640_11,0.0,0.0,1.0
contig_18640_10,0.0,1.0,1.0
contig_18640_13,0.0,0.0,1.0
contig_18640_12,0.0,0.0,1.0
contig_18640_14,0.0,0.0,1.0
contig_18578_66,0.0,0.0,0.0
contig_18578_64,0.0,0.0,1.0
contig_18578_65,0.0,0.0,1.0
contig_18578_62,1.0,0.0,1.0
contig_18578_63,0.0,0.0,1.0
contig_18578_60,0.0,0.0,1.0
contig_18578_61,1.0,0.0,1.0
contig_18594_27,0.0,0.0,1.0
contig_18580_69,0.0,0.0,1.0
contig_18580_68,0.0,0.0,1.0
contig_18642_11,0.0,1.0,1.0
contig_18642_10,0.0,1.0,1.0
contig_18629_10,0.0,0.0,1.0
contig_18695_4,0.0,0.0,1.0
contig_18646_15,0.0,5.0,0.0
contig_18646_14,0.0,12.0,0.0
contig_18646_13,0.0,3.0,1.0
contig_18646_12,0.0,7.0,0.0
contig_18646_11,0.0,0.0,1.0
contig_18646_10,0.0,0.0,1.0
contig_18587_17,0.0,0.0,1.0
contig_18678_1,0.0,1.0,1.0
contig_18678_2,0.0,0.0,1.0
contig_18678_3,0.0,1.0,1.0
contig_18678_4,0.0,2.0,1.0
contig_18678_5,0.0,0.0,1.0
contig_18588_36,0.0,0.0,1.0
contig_18588_37,0.0,0.0,1.0
contig_18588_34,0.0,0.0,1.0
contig_18588_35,0.0,0.0,1.0
contig_18588_32,0.0,0.0,1.0
contig_18588_33,0.0,0.0,1.0
contig_18588_30,0.0,0.0,1.0
contig_18588_31,0.0,0.0,1.0
contig_18588_38,0.0,0.0,0.0
contig_18588_39,0.0,0.0,0.0
contig_18639_5,0.0,0.0,1.0
contig_18639_4,0.0,0.0,1.0
contig_18639_7,0.0,0.0,1.0
contig_18639_6,0.0,0.0,1.0
contig_18639_1,0.0,0.0,1.0
contig_18639_3,0.0,0.0,1.0
contig_18639_2,0.0,0.0,1.0
contig_18639_9,0.0,1.0,1.0
contig_18639_8,0.0,0.0,1.0
contig_18613_11,0.0,0.0,1.0
contig_18613_10,0.0,1.0,1.0
contig_18613_13,1.0,1.0,1.0
contig_18613_12,0.0,1.0,1.0
contig_18613_15,0.0,0.0,1.0
contig_18613_14,0.0,0.0,1.0
contig_18627_12,0.0,0.0,0.0
contig_18627_13,0.0,0.0,0.0
contig_18627_10,0.0,0.0,1.0
contig_18627_11,0.0,0.0,1.0
contig_18627_16,0.0,0.0,1.0
contig_18627_14,0.0,0.0,1.0
contig_18627_15,0.0,0.0,1.0
contig_18625_14,0.0,0.0,1.0
contig_18625_15,0.0,0.0,1.0
contig_18625_16,0.0,1.0,0.0
contig_18625_17,0.0,0.0,1.0
contig_18625_10,0.0,0.0,1.0
contig_18625_11,0.0,0.0,1.0
contig_18625_12,0.0,0.0,1.0
contig_18625_13,0.0,0.0,1.0
contig_18625_18,0.0,0.0,1.0
contig_18625_19,0.0,0.0,1.0
contig_18632_2,1.0,1.0,1.0
contig_18632_3,0.0,0.0,1.0
contig_18632_1,0.0,0.0,1.0
contig_18632_6,0.0,0.0,1.0
contig_18632_7,0.0,1.0,1.0
contig_18632_4,0.0,2.0,1.0
contig_18632_5,0.0,0.0,1.0
contig_18632_8,0.0,0.0,1.0
contig_18632_9,0.0,0.0,1.0
contig_18630_4,0.0,0.0,1.0
contig_18630_5,0.0,0.0,1.0
contig_18630_6,0.0,0.0,1.0
contig_18630_7,1.0,0.0,1.0
contig_18630_1,1.0,0.0,1.0
contig_18630_2,0.0,0.0,1.0
contig_18630_3,0.0,1.0,1.0
contig_18630_8,0.0,1.0,1.0
contig_18630_9,0.0,0.0,1.0
contig_18636_6,0.0,4.0,0.0
contig_18636_7,0.0,1.0,1.0
contig_18636_4,0.0,0.0,1.0
contig_18636_5,0.0,0.0,1.0
contig_18636_2,0.0,10.0,0.0
contig_18636_3,0.0,0.0,1.0
contig_18636_1,0.0,11.0,0.0
contig_18636_8,0.0,0.0,1.0
contig_18636_9,0.0,1.0,1.0
contig_18634_8,0.0,0.0,1.0
contig_18634_9,0.0,0.0,1.0
contig_18611_19,0.0,5.0,0.0
contig_18611_18,0.0,0.0,1.0
contig_18611_13,0.0,0.0,1.0
contig_18634_1,0.0,0.0,1.0
contig_18634_2,1.0,0.0,1.0
contig_18634_3,0.0,0.0,1.0
contig_18634_4,0.0,0.0,1.0
contig_18634_5,0.0,0.0,1.0
contig_18634_6,0.0,1.0,1.0
contig_18634_7,1.0,1.0,1.0
contig_18731_4,1.0,0.0,1.0
contig_18731_5,0.0,0.0,0.0
contig_18673_5,0.0,0.0,1.0
contig_18673_4,0.0,0.0,1.0
contig_18673_3,0.0,0.0,1.0
contig_18731_1,0.0,0.0,1.0
contig_18731_2,1.0,1.0,1.0
contig_18731_3,0.0,0.0,1.0
contig_18671_9,1.0,0.0,1.0
contig_18671_8,0.0,1.0,1.0
contig_18737_2,0.0,0.0,1.0
contig_18737_1,0.0,0.0,1.0
contig_18671_1,0.0,0.0,1.0
contig_18671_3,0.0,0.0,1.0
contig_18671_2,0.0,0.0,1.0
contig_18671_5,0.0,0.0,1.0
contig_18671_4,0.0,1.0,1.0
contig_18671_7,0.0,0.0,1.0
contig_18671_6,0.0,0.0,1.0
contig_18623_18,0.0,0.0,1.0
contig_18623_19,0.0,0.0,1.0
contig_18623_16,2.0,2.0,1.0
contig_18623_17,0.0,0.0,1.0
contig_18623_14,0.0,0.0,1.0
contig_18735_3,0.0,0.0,1.0
contig_18735_4,0.0,2.0,1.0
contig_18735_5,2.0,6.0,1.0
contig_18623_10,0.0,0.0,1.0
contig_18623_11,0.0,0.0,1.0
contig_18621_10,0.0,0.0,1.0
contig_18621_11,0.0,0.0,1.0
contig_18621_12,0.0,0.0,1.0
contig_18621_13,0.0,0.0,1.0
contig_18577_74,0.0,0.0,1.0
contig_18577_75,0.0,0.0,1.0
contig_18577_76,0.0,0.0,1.0
contig_18577_77,0.0,0.0,1.0
contig_18577_70,0.0,0.0,1.0
contig_18577_71,0.0,0.0,1.0
contig_18577_72,0.0,0.0,1.0
contig_18577_73,0.0,0.0,1.0
contig_18677_9,1.0,0.0,1.0
contig_18677_8,0.0,0.0,1.0
contig_18577_78,0.0,0.0,1.0
contig_18577_79,0.0,0.0,1.0
contig_18675_5,0.0,0.0,1.0
contig_18675_4,0.0,0.0,1.0
contig_18675_7,0.0,0.0,1.0
contig_18675_6,0.0,0.0,1.0
contig_18675_1,0.0,0.0,1.0
contig_18675_3,0.0,0.0,1.0
contig_18675_2,0.0,0.0,1.0
contig_18675_9,2.0,4.0,1.0
contig_18675_8,0.0,0.0,1.0
contig_18590_16,0.0,0.0,1.0
contig_18578_13,0.0,0.0,1.0
contig_18578_12,0.0,0.0,1.0
contig_18578_11,0.0,0.0,1.0
contig_18578_10,0.0,1.0,0.0
contig_18578_17,0.0,3.0,0.0
contig_18578_16,0.0,1.0,1.0
contig_18578_15,0.0,0.0,1.0
contig_18578_14,0.0,0.0,1.0
contig_18578_19,0.0,1.0,1.0
contig_18578_18,0.0,0.0,1.0
contig_18681_1,0.0,0.0,1.0
contig_18681_2,0.0,2.0,1.0
contig_18681_3,0.0,3.0,1.0
contig_18681_4,0.0,3.0,1.0
contig_18681_5,0.0,2.0,1.0
contig_18681_6,0.0,2.0,1.0
contig_18681_7,0.0,0.0,1.0
contig_18618_10,0.0,0.0,1.0
contig_18618_11,0.0,3.0,1.0
contig_18618_12,0.0,0.0,1.0
contig_18618_13,0.0,0.0,1.0
contig_18618_14,0.0,0.0,1.0
contig_18618_15,0.0,0.0,1.0
contig_18747_1,0.0,1.0,1.0
contig_18687_2,0.0,0.0,1.0
contig_18687_3,0.0,0.0,1.0
contig_18687_1,0.0,0.0,1.0
contig_18687_6,0.0,0.0,1.0
contig_18687_4,0.0,0.0,1.0
contig_18687_5,0.0,0.0,1.0
contig_18648_11,0.0,0.0,1.0
contig_18648_10,0.0,0.0,1.0
contig_18648_13,0.0,0.0,1.0
contig_18648_12,0.0,0.0,1.0
contig_18685_4,0.0,0.0,1.0
contig_18685_5,0.0,0.0,1.0
contig_18685_1,0.0,0.0,1.0
contig_18685_2,0.0,2.0,1.0
contig_18685_3,0.0,1.0,1.0
contig_18683_8,0.0,0.0,1.0
contig_18683_9,0.0,0.0,1.0
contig_18732_3,0.0,1.0,0.0
contig_18732_2,0.0,0.0,0.0
contig_18732_1,0.0,0.0,0.0
contig_18683_5,0.0,0.0,1.0
contig_18683_2,0.0,0.0,1.0
contig_18683_3,0.0,0.0,1.0
contig_18732_5,0.0,0.0,0.0
contig_18732_4,0.0,0.0,0.0
contig_18730_4,0.0,0.0,1.0
contig_18730_1,0.0,0.0,0.0
contig_18730_3,0.0,1.0,1.0
contig_18730_2,0.0,3.0,0.0
contig_18688_1,0.0,0.0,1.0
contig_18586_34,0.0,1.0,1.0
contig_18688_3,0.0,0.0,1.0
contig_18688_2,0.0,0.0,1.0
contig_18688_5,1.0,4.0,1.0
contig_18688_4,0.0,0.0,1.0
contig_18688_7,0.0,0.0,1.0
contig_18688_6,1.0,0.0,1.0
contig_18756_2,1.0,0.0,1.0
contig_18586_30,0.0,1.0,1.0
contig_18586_31,0.0,0.0,1.0
contig_18586_32,0.0,0.0,1.0
contig_18586_33,0.0,1.0,1.0
contig_18616_12,0.0,0.0,1.0
contig_18738_4,0.0,3.0,0.0
contig_18616_10,0.0,0.0,1.0
contig_18616_11,0.0,0.0,1.0
contig_18738_1,0.0,0.0,1.0
contig_18616_17,0.0,0.0,1.0
contig_18738_3,0.0,0.0,1.0
contig_18738_2,0.0,0.0,1.0
contig_18616_18,0.0,0.0,1.0
contig_18616_19,0.0,0.0,1.0
contig_18592_22,0.0,0.0,0.0
contig_18592_23,0.0,0.0,0.0
contig_18592_20,0.0,0.0,0.0
contig_18625_20,0.0,0.0,1.0
contig_18582_18,0.0,0.0,1.0
contig_18592_21,0.0,0.0,0.0
contig_18582_12,0.0,0.0,1.0
contig_18582_13,0.0,0.0,1.0
contig_18582_10,0.0,0.0,1.0
contig_18582_11,0.0,0.0,1.0
contig_18582_16,0.0,0.0,1.0
contig_18582_17,0.0,0.0,1.0
contig_18582_14,0.0,0.0,1.0
contig_18582_15,0.0,0.0,1.0
contig_18592_24,0.0,0.0,0.0
contig_18592_25,0.0,0.0,1.0
contig_18580_40,0.0,0.0,1.0
contig_18584_18,0.0,0.0,1.0
contig_18584_19,0.0,0.0,1.0
contig_18584_10,0.0,0.0,0.0
contig_18584_11,0.0,1.0,0.0
contig_18584_12,1.0,1.0,1.0
contig_18584_13,0.0,0.0,1.0
contig_18584_14,0.0,0.0,1.0
contig_18584_15,0.0,0.0,1.0
contig_18584_16,0.0,0.0,1.0
contig_18584_17,0.0,0.0,1.0
contig_18667_1,0.0,0.0,1.0
contig_18587_29,0.0,0.0,1.0
contig_18588_8,0.0,0.0,1.0
contig_18631_20,2.0,0.0,1.0
contig_18631_21,2.0,3.0,1.0
contig_18631_22,0.0,2.0,1.0
contig_18588_9,0.0,0.0,1.0
contig_18716_2,0.0,0.0,1.0
contig_18583_36,0.0,0.0,1.0
contig_18579_47,0.0,0.0,1.0
contig_18579_46,0.0,0.0,1.0
contig_18579_45,0.0,1.0,1.0
contig_18579_44,0.0,0.0,1.0
contig_18579_43,0.0,1.0,1.0
contig_18579_42,0.0,0.0,1.0
contig_18579_41,0.0,0.0,1.0
contig_18579_40,0.0,0.0,1.0
contig_18580_18,0.0,0.0,1.0
contig_18580_19,0.0,1.0,1.0
contig_18579_49,2.0,0.0,1.0
contig_18579_48,1.0,0.0,1.0
contig_18603_17,0.0,0.0,1.0
contig_18586_18,0.0,0.0,1.0
contig_18586_19,0.0,0.0,1.0
contig_18586_16,0.0,0.0,1.0
contig_18586_17,0.0,0.0,1.0
contig_18586_14,0.0,0.0,1.0
contig_18586_15,0.0,0.0,1.0
contig_18586_12,0.0,2.0,0.0
contig_18586_13,0.0,0.0,1.0
contig_18599_22,0.0,1.0,1.0
contig_18586_11,0.0,1.0,1.0
contig_18577_41,0.0,0.0,1.0
contig_18577_40,0.0,0.0,1.0
contig_18577_43,0.0,0.0,1.0
contig_18577_42,0.0,0.0,1.0
contig_18577_45,0.0,0.0,1.0
contig_18577_44,0.0,0.0,1.0
contig_18577_47,0.0,0.0,1.0
contig_18577_46,0.0,0.0,1.0
contig_18577_49,0.0,0.0,1.0
contig_18577_48,0.0,0.0,1.0
contig_18651_3,0.0,0.0,1.0
contig_18651_2,0.0,0.0,1.0
contig_18663_1,1.0,0.0,1.0
contig_18585_22,0.0,0.0,1.0
contig_18663_2,0.0,0.0,1.0
contig_18588_3,0.0,0.0,1.0
contig_18585_23,0.0,0.0,1.0
contig_18663_3,1.0,0.0,1.0
contig_18761_3,0.0,0.0,1.0
contig_18761_2,0.0,0.0,1.0
contig_18761_1,0.0,0.0,1.0
contig_18585_20,0.0,0.0,1.0
contig_18596_12,0.0,0.0,1.0
contig_18686_3,0.0,0.0,1.0
contig_18663_4,0.0,1.0,1.0
contig_18763_1,0.0,0.0,0.0
contig_18763_3,0.0,0.0,1.0
contig_18763_2,0.0,0.0,0.0
contig_18606_7,0.0,0.0,1.0
contig_18646_9,0.0,0.0,1.0
contig_18646_8,1.0,0.0,1.0
contig_18646_7,1.0,0.0,1.0
contig_18646_6,0.0,1.0,1.0
contig_18646_5,0.0,5.0,0.0
contig_18646_4,0.0,7.0,0.0
contig_18646_3,0.0,0.0,1.0
contig_18646_2,0.0,3.0,1.0
contig_18646_1,0.0,4.0,0.0
contig_18663_5,0.0,0.0,1.0
contig_18644_1,0.0,0.0,1.0
contig_18644_3,1.0,0.0,1.0
contig_18644_2,0.0,0.0,1.0
contig_18644_5,0.0,0.0,1.0
contig_18644_4,0.0,0.0,1.0
contig_18644_7,0.0,1.0,1.0
contig_18644_6,1.0,0.0,1.0
contig_18644_9,0.0,0.0,1.0
contig_18644_8,1.0,0.0,1.0
contig_18580_43,0.0,0.0,1.0
contig_18580_42,0.0,1.0,1.0
contig_18580_41,0.0,0.0,1.0
contig_18626_15,0.0,1.0,1.0
contig_18626_14,0.0,0.0,1.0
contig_18626_17,0.0,1.0,1.0
contig_18626_16,0.0,0.0,1.0
contig_18626_11,0.0,0.0,1.0
contig_18626_10,0.0,0.0,1.0
contig_18626_13,0.0,0.0,1.0
contig_18626_12,0.0,0.0,0.0
contig_18580_47,0.0,0.0,1.0
contig_18663_7,0.0,0.0,1.0
contig_18626_18,0.0,0.0,1.0
contig_18580_46,0.0,0.0,1.0
contig_18580_45,2.0,1.0,1.0
contig_18580_44,1.0,3.0,1.0
contig_18599_27,0.0,0.0,0.0
contig_18663_9,0.0,0.0,1.0
contig_18637_15,0.0,0.0,1.0
contig_18637_14,0.0,0.0,1.0
contig_18637_13,0.0,0.0,1.0
contig_18637_12,0.0,0.0,1.0
contig_18637_11,0.0,0.0,1.0
contig_18637_10,0.0,0.0,1.0
contig_18604_9,0.0,0.0,1.0
contig_18604_8,0.0,0.0,1.0
contig_18604_5,0.0,0.0,1.0
contig_18604_4,0.0,0.0,1.0
contig_18604_7,0.0,0.0,1.0
contig_18604_6,0.0,0.0,1.0
contig_18604_1,0.0,0.0,1.0
contig_18604_3,0.0,0.0,1.0
contig_18604_2,0.0,0.0,1.0
contig_18602_9,0.0,0.0,1.0
contig_18602_8,0.0,1.0,1.0
contig_18602_7,0.0,0.0,1.0
contig_18602_6,0.0,0.0,1.0
contig_18602_5,0.0,0.0,1.0
contig_18602_4,0.0,0.0,1.0
contig_18602_3,1.0,0.0,1.0
contig_18602_2,0.0,0.0,1.0
contig_18602_1,0.0,0.0,1.0
contig_18600_1,0.0,0.0,0.0
contig_18600_3,0.0,2.0,2.0
contig_18600_2,0.0,4.0,1.0
contig_18600_5,1.0,0.0,1.0
contig_18600_4,0.0,1.0,1.0
contig_18600_7,0.0,0.0,1.0
contig_18600_6,1.0,0.0,1.0
contig_18600_9,0.0,1.0,1.0
contig_18600_8,0.0,0.0,1.0
contig_18584_25,0.0,0.0,1.0
contig_18584_24,0.0,0.0,1.0
contig_18584_27,0.0,0.0,1.0
contig_18584_26,0.0,0.0,1.0
contig_18584_21,0.0,0.0,1.0
contig_18584_20,0.0,0.0,1.0
contig_18584_23,0.0,0.0,1.0
contig_18584_22,0.0,0.0,1.0
contig_18721_4,0.0,0.0,1.0
contig_18721_3,0.0,0.0,1.0
contig_18721_2,2.0,4.0,0.0
contig_18721_1,0.0,0.0,0.0
contig_18723_1,0.0,1.0,1.0
contig_18608_8,0.0,0.0,1.0
contig_18723_3,0.0,0.0,1.0
contig_18723_2,0.0,0.0,1.0
contig_18723_5,0.0,0.0,1.0
contig_18723_4,0.0,0.0,1.0
contig_18599_28,0.0,0.0,1.0
contig_18608_1,0.0,5.0,0.0
contig_18599_26,0.0,0.0,0.0
contig_18608_3,0.0,0.0,1.0
contig_18608_2,0.0,0.0,1.0
contig_18608_5,0.0,0.0,1.0
contig_18608_4,0.0,2.0,1.0
contig_18608_7,0.0,0.0,1.0
contig_18608_6,0.0,0.0,1.0
contig_18631_19,4.0,0.0,1.0
contig_18631_18,2.0,0.0,1.0
contig_18606_9,0.0,0.0,1.0
contig_18606_8,0.0,0.0,1.0
contig_18643_6,0.0,0.0,1.0
contig_18643_7,0.0,0.0,1.0
contig_18643_4,0.0,1.0,1.0
contig_18643_5,0.0,0.0,1.0
contig_18631_11,0.0,0.0,1.0
contig_18606_2,0.0,0.0,1.0
contig_18606_1,0.0,0.0,1.0
contig_18631_12,0.0,0.0,1.0
contig_18631_15,1.0,0.0,1.0
contig_18606_6,0.0,0.0,1.0
contig_18631_17,3.0,0.0,1.0
contig_18606_4,0.0,0.0,1.0
contig_18620_20,0.0,0.0,1.0
contig_18579_54,1.0,1.0,1.0
contig_18579_55,0.0,0.0,1.0
contig_18579_56,0.0,0.0,1.0
contig_18579_57,0.0,0.0,1.0
contig_18649_8,0.0,0.0,1.0
contig_18649_9,0.0,0.0,1.0
contig_18579_52,0.0,0.0,1.0
contig_18579_53,0.0,2.0,1.0
contig_18649_4,0.0,0.0,1.0
contig_18649_5,0.0,0.0,1.0
contig_18649_6,0.0,0.0,1.0
contig_18649_7,0.0,3.0,0.0
contig_18579_58,0.0,0.0,1.0
contig_18649_1,0.0,0.0,1.0
contig_18649_2,0.0,0.0,1.0
contig_18649_3,0.0,0.0,1.0
contig_18639_10,0.0,0.0,1.0
contig_18577_58,0.0,0.0,1.0
contig_18577_59,0.0,0.0,1.0
contig_18577_56,0.0,0.0,1.0
contig_18577_57,0.0,0.0,1.0
contig_18577_54,0.0,0.0,1.0
contig_18577_55,0.0,0.0,1.0
contig_18577_52,0.0,0.0,1.0
contig_18577_53,0.0,0.0,1.0
contig_18577_50,0.0,0.0,1.0
contig_18577_51,0.0,0.0,1.0
contig_18691_8,0.0,0.0,1.0
contig_18691_3,0.0,0.0,1.0
contig_18691_2,1.0,0.0,1.0
contig_18691_1,0.0,3.0,0.0
contig_18691_7,0.0,0.0,1.0
contig_18691_6,0.0,1.0,1.0
contig_18691_5,1.0,0.0,1.0
contig_18691_4,0.0,0.0,1.0
contig_18693_5,0.0,0.0,1.0
contig_18693_4,0.0,0.0,1.0
contig_18693_6,0.0,0.0,1.0
contig_18693_1,0.0,0.0,1.0
contig_18693_3,0.0,0.0,1.0
contig_18693_2,0.0,0.0,1.0
contig_18578_39,0.0,0.0,1.0
contig_18578_38,0.0,0.0,1.0
contig_18578_35,0.0,0.0,1.0
contig_18578_34,0.0,0.0,1.0
contig_18578_37,0.0,0.0,1.0
contig_18578_36,0.0,0.0,1.0
contig_18578_31,0.0,0.0,1.0
contig_18578_30,0.0,0.0,1.0
contig_18578_33,0.0,0.0,1.0
contig_18578_32,0.0,0.0,1.0
contig_18638_12,0.0,0.0,1.0
contig_18638_13,0.0,0.0,1.0
contig_18638_10,0.0,0.0,1.0
contig_18638_11,0.0,1.0,1.0
contig_18699_3,0.0,0.0,1.0
contig_18699_2,0.0,1.0,1.0
contig_18699_1,1.0,1.0,1.0
contig_18699_4,0.0,0.0,1.0
contig_18728_2,0.0,1.0,1.0
contig_18728_3,0.0,0.0,1.0
contig_18728_1,0.0,0.0,1.0
contig_18614_17,1.0,0.0,1.0
contig_18696_10,0.0,0.0,1.0
contig_18724_2,0.0,0.0,1.0
contig_18724_3,0.0,0.0,1.0
contig_18724_1,0.0,0.0,1.0
contig_18724_4,0.0,0.0,1.0
contig_18668_11,0.0,0.0,1.0
contig_18668_10,1.0,0.0,1.0
contig_18696_8,0.0,0.0,1.0
contig_18696_9,0.0,0.0,1.0
contig_18696_2,0.0,0.0,0.0
contig_18696_3,0.0,1.0,0.0
contig_18696_4,0.0,0.0,1.0
contig_18696_5,0.0,0.0,0.0
contig_18696_6,1.0,0.0,1.0
contig_18696_7,0.0,0.0,1.0
contig_18662_10,0.0,1.0,1.0
contig_18692_4,0.0,0.0,1.0
contig_18692_5,0.0,0.0,1.0
contig_18692_6,0.0,0.0,1.0
contig_18692_7,0.0,0.0,1.0
contig_18692_1,1.0,1.0,1.0
contig_18692_2,0.0,0.0,1.0
contig_18692_3,0.0,0.0,1.0
contig_18692_8,0.0,0.0,1.0
contig_18694_6,0.0,0.0,1.0
contig_18694_7,0.0,0.0,1.0
contig_18694_4,0.0,0.0,1.0
contig_18694_5,0.0,0.0,1.0
contig_18694_2,0.0,0.0,1.0
contig_18694_3,0.0,0.0,1.0
contig_18694_1,0.0,0.0,1.0
contig_18715_2,0.0,0.0,1.0
contig_18614_8,2.0,1.0,1.0
contig_18614_9,0.0,0.0,1.0
contig_18614_6,0.0,3.0,1.0
contig_18614_7,0.0,0.0,1.0
contig_18614_4,0.0,1.0,1.0
contig_18614_5,0.0,0.0,1.0
contig_18614_2,0.0,0.0,1.0
contig_18614_3,0.0,0.0,1.0
contig_18614_1,0.0,0.0,1.0
contig_18588_40,0.0,0.0,0.0
contig_18633_13,0.0,0.0,1.0
contig_18633_12,0.0,0.0,1.0
contig_18633_11,0.0,0.0,1.0
contig_18633_10,0.0,0.0,1.0
contig_18616_4,0.0,0.0,1.0
contig_18616_5,0.0,0.0,1.0
contig_18633_15,0.0,0.0,1.0
contig_18633_14,0.0,0.0,1.0
contig_18616_8,0.0,0.0,1.0
contig_18616_9,1.0,1.0,1.0
contig_18618_2,0.0,0.0,1.0
contig_18618_3,0.0,0.0,1.0
contig_18618_1,0.0,0.0,1.0
contig_18618_6,0.0,1.0,1.0
contig_18618_7,0.0,1.0,1.0
contig_18618_4,0.0,0.0,1.0
contig_18618_5,0.0,0.0,1.0
contig_18618_8,0.0,1.0,1.0
contig_18618_9,0.0,2.0,1.0
contig_18584_29,0.0,0.0,1.0
contig_18584_28,0.0,0.0,1.0
contig_18610_8,1.0,1.0,1.0
contig_18610_9,1.0,0.0,1.0
contig_18610_2,0.0,2.0,1.0
contig_18610_3,0.0,2.0,1.0
contig_18610_1,0.0,1.0,1.0
contig_18610_6,0.0,0.0,1.0
contig_18610_7,0.0,0.0,1.0
contig_18610_4,0.0,1.0,1.0
contig_18610_5,0.0,0.0,1.0
contig_18605_16,0.0,0.0,1.0
contig_18597_20,0.0,1.0,1.0
contig_18612_8,0.0,0.0,1.0
contig_18612_9,1.0,1.0,1.0
contig_18605_17,0.0,0.0,1.0
contig_18612_4,0.0,0.0,1.0
contig_18612_5,0.0,1.0,1.0
contig_18612_6,0.0,0.0,1.0
contig_18612_7,0.0,0.0,1.0
contig_18605_14,0.0,0.0,1.0
contig_18612_2,0.0,0.0,1.0
contig_18612_3,0.0,0.0,1.0
contig_18591_4,1.0,3.0,1.0
contig_18591_5,0.0,0.0,1.0
contig_18591_6,0.0,0.0,1.0
contig_18605_15,0.0,0.0,1.0
contig_18584_36,0.0,0.0,1.0
contig_18591_1,0.0,0.0,1.0
contig_18591_2,1.0,0.0,1.0
contig_18591_3,0.0,0.0,1.0
contig_18605_12,1.0,1.0,1.0
contig_18584_38,0.0,0.0,1.0
contig_18591_8,0.0,1.0,1.0
contig_18591_9,2.0,3.0,1.0
contig_18605_13,0.0,0.0,1.0
contig_18597_6,0.0,0.0,1.0
contig_18597_7,0.0,0.0,1.0
contig_18597_4,0.0,0.0,1.0
contig_18597_5,0.0,1.0,1.0
contig_18597_2,0.0,0.0,1.0
contig_18605_10,0.0,0.0,1.0
contig_18597_1,0.0,0.0,1.0
contig_18605_11,0.0,0.0,1.0
contig_18597_8,0.0,0.0,1.0
contig_18597_9,0.0,0.0,1.0
contig_18595_8,0.0,0.0,1.0
contig_18595_9,0.0,4.0,0.0
contig_18595_1,0.0,0.0,1.0
contig_18595_2,0.0,0.0,1.0
contig_18595_3,4.0,1.0,1.0
contig_18595_4,0.0,0.0,1.0
contig_18595_5,0.0,0.0,1.0
contig_18595_6,0.0,0.0,1.0
contig_18595_7,0.0,0.0,1.0
contig_18611_22,0.0,0.0,0.0
contig_18611_23,0.0,0.0,1.0
contig_18611_20,0.0,0.0,0.0
contig_18611_21,0.0,0.0,0.0
contig_18759_2,0.0,0.0,1.0
contig_18759_1,0.0,0.0,1.0
contig_18608_9,0.0,0.0,1.0
contig_18752_4,0.0,4.0,1.0
contig_18587_12,0.0,0.0,1.0
contig_18752_1,0.0,0.0,1.0
contig_18752_3,0.0,0.0,1.0
contig_18752_2,0.0,0.0,1.0
contig_18754_2,0.0,0.0,1.0
contig_18754_1,0.0,0.0,1.0
contig_18580_38,0.0,1.0,1.0
contig_18580_39,2.0,0.0,1.0
contig_18580_36,0.0,0.0,1.0
contig_18580_37,0.0,0.0,1.0
contig_18580_34,0.0,0.0,1.0
contig_18580_35,0.0,0.0,1.0
contig_18580_32,0.0,0.0,1.0
contig_18580_33,0.0,0.0,1.0
contig_18580_30,0.0,2.0,1.0
contig_18580_31,0.0,0.0,1.0
contig_18579_61,0.0,4.0,1.0
contig_18579_60,0.0,0.0,1.0
contig_18579_63,0.0,0.0,1.0
contig_18579_62,0.0,2.0,1.0
contig_18579_65,1.0,1.0,1.0
contig_18579_64,0.0,1.0,1.0
contig_18579_67,0.0,0.0,1.0
contig_18579_66,0.0,1.0,1.0
contig_18579_69,0.0,0.0,1.0
contig_18579_68,0.0,0.0,1.0
contig_18599_25,0.0,0.0,0.0
contig_18599_24,0.0,0.0,1.0
contig_18711_6,0.0,1.0,1.0
contig_18599_23,0.0,0.0,1.0
contig_18711_4,0.0,0.0,1.0
contig_18711_5,0.0,2.0,0.0
contig_18711_2,0.0,0.0,1.0
contig_18711_3,0.0,0.0,1.0
contig_18711_1,0.0,0.0,1.0
contig_18577_29,2.0,2.0,1.0
contig_18577_28,0.0,0.0,1.0
contig_18599_21,0.0,0.0,1.0
contig_18577_23,0.0,0.0,1.0
contig_18577_22,1.0,2.0,1.0
contig_18577_21,0.0,0.0,1.0
contig_18577_20,0.0,0.0,1.0
contig_18577_27,0.0,0.0,1.0
contig_18577_26,0.0,0.0,1.0
contig_18577_25,1.0,0.0,1.0
contig_18577_24,0.0,0.0,1.0
contig_18713_1,0.0,0.0,1.0
contig_18713_2,0.0,0.0,1.0
contig_18713_3,0.0,0.0,1.0
contig_18713_4,0.0,0.0,1.0
contig_18713_5,0.0,0.0,1.0
contig_18643_3,0.0,0.0,1.0
contig_18643_1,0.0,0.0,1.0
contig_18750_3,0.0,0.0,1.0
contig_18750_2,0.0,0.0,1.0
contig_18750_1,0.0,0.0,1.0
contig_18750_5,0.0,0.0,1.0
contig_18750_4,0.0,0.0,1.0
contig_18606_3,0.0,0.0,1.0
contig_18631_10,0.0,0.0,1.0
contig_18631_13,0.0,0.0,1.0
contig_18578_28,0.0,0.0,1.0
contig_18578_29,0.0,0.0,1.0
contig_18578_22,0.0,0.0,1.0
contig_18578_23,0.0,1.0,1.0
contig_18578_20,0.0,0.0,1.0
contig_18578_21,0.0,0.0,1.0
contig_18578_26,0.0,0.0,1.0
contig_18578_27,0.0,0.0,1.0
contig_18578_24,0.0,0.0,1.0
contig_18578_25,0.0,0.0,1.0
contig_18606_5,0.0,0.0,1.0
contig_18717_4,1.0,0.0,1.0
contig_18717_5,0.0,0.0,1.0
contig_18717_6,0.0,0.0,1.0
contig_18631_16,3.0,0.0,1.0
contig_18717_1,0.0,1.0,0.0
contig_18717_2,0.0,0.0,1.0
contig_18717_3,0.0,0.0,1.0
contig_18656_4,1.0,1.0,1.0
contig_18656_5,1.0,1.0,0.0
contig_18656_6,1.0,0.0,1.0
contig_18656_7,1.0,0.0,1.0
contig_18656_1,1.0,1.0,1.0
contig_18656_2,0.0,0.0,1.0
contig_18656_3,0.0,0.0,1.0
contig_18656_8,0.0,0.0,1.0
contig_18656_9,0.0,0.0,1.0
contig_18650_6,0.0,0.0,1.0
contig_18650_7,0.0,0.0,1.0
contig_18650_4,2.0,0.0,1.0
contig_18650_5,0.0,0.0,1.0
contig_18650_2,1.0,0.0,1.0
contig_18650_3,0.0,0.0,1.0
contig_18650_1,0.0,0.0,1.0
contig_18580_23,0.0,1.0,1.0
contig_18650_8,0.0,0.0,1.0
contig_18650_9,0.0,0.0,1.0
contig_18652_8,0.0,0.0,1.0
contig_18652_9,0.0,0.0,1.0
contig_18592_9,0.0,0.0,1.0
contig_18592_8,0.0,0.0,1.0
contig_18592_3,0.0,0.0,1.0
contig_18652_1,0.0,0.0,1.0
contig_18652_2,0.0,0.0,1.0
contig_18652_3,0.0,1.0,1.0
contig_18652_4,0.0,8.0,0.0
contig_18652_5,0.0,0.0,1.0
contig_18652_6,0.0,0.0,1.0
contig_18652_7,0.0,0.0,1.0
contig_18590_9,0.0,0.0,1.0
contig_18590_8,0.0,0.0,1.0
contig_18590_5,0.0,0.0,1.0
contig_18590_4,0.0,0.0,1.0
contig_18590_7,0.0,0.0,1.0
contig_18590_6,0.0,2.0,0.0
contig_18590_1,0.0,0.0,1.0
contig_18590_3,0.0,0.0,1.0
contig_18590_2,0.0,0.0,1.0
contig_18580_25,0.0,0.0,1.0
contig_18598_5,0.0,0.0,1.0
contig_18598_4,0.0,0.0,1.0
contig_18598_7,0.0,0.0,1.0
contig_18598_6,0.0,0.0,1.0
contig_18598_1,0.0,2.0,1.0
contig_18580_24,0.0,3.0,1.0
contig_18598_3,0.0,0.0,1.0
contig_18598_2,0.0,0.0,1.0
contig_18598_9,0.0,2.0,1.0
contig_18598_8,1.0,2.0,1.0
contig_18590_32,0.0,0.0,1.0
contig_18590_31,0.0,0.0,1.0
contig_18590_30,0.0,0.0,1.0
contig_18664_11,0.0,0.0,1.0
contig_18664_10,0.0,0.0,1.0
contig_18597_3,0.0,0.0,1.0
contig_18581_31,0.0,0.0,1.0
contig_18581_30,0.0,0.0,1.0
contig_18581_33,0.0,0.0,0.0
contig_18581_32,0.0,0.0,1.0
contig_18587_28,0.0,0.0,1.0
contig_18581_35,0.0,0.0,0.0
contig_18581_34,0.0,0.0,0.0
contig_18581_37,0.0,0.0,1.0
contig_18581_36,0.0,0.0,0.0
contig_18659_7,0.0,3.0,1.0
contig_18659_6,0.0,0.0,1.0
contig_18659_5,1.0,1.0,1.0
contig_18659_4,0.0,0.0,1.0
contig_18659_3,0.0,0.0,1.0
contig_18659_2,0.0,3.0,1.0
contig_18659_1,0.0,0.0,1.0
contig_18659_9,0.0,1.0,1.0
contig_18659_8,0.0,3.0,1.0
contig_18580_21,0.0,0.0,1.0
contig_18655_8,2.0,0.0,1.0
contig_18580_20,0.0,1.0,1.0
contig_18655_3,0.0,0.0,1.0
contig_18655_2,0.0,0.0,1.0
contig_18655_1,0.0,0.0,1.0
contig_18655_7,1.0,0.0,1.0
contig_18655_6,0.0,0.0,1.0
contig_18655_5,0.0,0.0,1.0
contig_18655_4,0.0,0.0,1.0
contig_18580_22,0.0,0.0,1.0
contig_18657_9,0.0,0.0,1.0
contig_18657_8,0.0,0.0,1.0
contig_18657_5,0.0,0.0,1.0
contig_18657_4,0.0,1.0,1.0
contig_18657_7,0.0,0.0,1.0
contig_18657_6,0.0,0.0,1.0
contig_18657_1,0.0,0.0,1.0
contig_18657_3,0.0,0.0,1.0
contig_18657_2,0.0,0.0,0.0
contig_18580_27,0.0,0.0,1.0
contig_18580_26,0.0,0.0,1.0
contig_18580_29,1.0,0.0,1.0
contig_18580_28,0.0,0.0,1.0
contig_18585_9,0.0,0.0,1.0
contig_18579_59,0.0,0.0,1.0
contig_18583_23,0.0,0.0,1.0
contig_18718_4,0.0,1.0,1.0
contig_18718_3,0.0,0.0,1.0
contig_18718_2,0.0,0.0,1.0
contig_18718_1,0.0,0.0,1.0
contig_18580_49,0.0,0.0,1.0
contig_18580_48,0.0,0.0,1.0
contig_18579_76,0.0,0.0,1.0
contig_18579_77,0.0,0.0,1.0
contig_18579_74,0.0,0.0,1.0
contig_18579_75,0.0,0.0,1.0
contig_18579_72,0.0,0.0,1.0
contig_18579_73,0.0,0.0,1.0
contig_18579_70,1.0,0.0,1.0
contig_18579_71,1.0,1.0,1.0
contig_18577_38,0.0,0.0,1.0
contig_18577_39,0.0,1.0,1.0
contig_18577_30,0.0,0.0,1.0
contig_18577_31,0.0,0.0,1.0
contig_18577_32,0.0,1.0,1.0
contig_18577_33,0.0,1.0,1.0
contig_18577_34,0.0,0.0,1.0
contig_18577_35,0.0,0.0,1.0
contig_18577_36,0.0,0.0,1.0
contig_18577_37,0.0,0.0,1.0
contig_18639_11,0.0,0.0,1.0
contig_18676_10,0.0,0.0,1.0
contig_18639_13,0.0,0.0,1.0
contig_18639_12,0.0,1.0,0.0
contig_18639_14,0.0,0.0,1.0
contig_18676_11,0.0,1.0,1.0
contig_18676_12,0.0,0.0,1.0
contig_18676_13,0.0,0.0,1.0
contig_18676_14,1.0,0.0,1.0
contig_18587_23,0.0,0.0,1.0
contig_18660_11,0.0,1.0,1.0
contig_18587_19,0.0,1.0,1.0
contig_18587_18,0.0,0.0,1.0
contig_18580_14,0.0,1.0,1.0
contig_18595_23,0.0,0.0,1.0
contig_18595_22,0.0,4.0,1.0
contig_18595_21,0.0,5.0,0.0
contig_18595_20,0.0,0.0,1.0
contig_18595_24,0.0,1.0,0.0
contig_18580_15,0.0,0.0,1.0
contig_18628_3,0.0,0.0,1.0
contig_18628_2,0.0,0.0,1.0
contig_18628_1,0.0,0.0,1.0
contig_18628_7,0.0,0.0,1.0
contig_18628_6,0.0,0.0,1.0
contig_18628_5,0.0,0.0,1.0
contig_18628_4,0.0,0.0,1.0
contig_18628_9,0.0,0.0,1.0
contig_18628_8,0.0,0.0,1.0
contig_18587_13,0.0,0.0,1.0
contig_18621_2,0.0,2.0,1.0
contig_18621_3,0.0,0.0,1.0
contig_18621_1,0.0,0.0,0.0
contig_18621_6,0.0,0.0,1.0
contig_18621_7,0.0,0.0,1.0
contig_18621_4,0.0,0.0,1.0
contig_18621_5,0.0,0.0,1.0
contig_18587_15,0.0,0.0,1.0
contig_18621_8,0.0,0.0,1.0
contig_18621_9,0.0,0.0,1.0
contig_18587_14,0.0,0.0,1.0
contig_18623_4,3.0,0.0,1.0
contig_18623_5,0.0,0.0,1.0
contig_18623_6,0.0,0.0,1.0
contig_18623_7,0.0,1.0,0.0
contig_18623_1,0.0,0.0,1.0
contig_18623_2,0.0,0.0,0.0
contig_18623_3,1.0,14.0,1.0
contig_18615_8,0.0,0.0,1.0
contig_18587_16,0.0,0.0,1.0
contig_18623_8,0.0,0.0,1.0
contig_18623_9,1.0,1.0,1.0
contig_18625_6,0.0,0.0,1.0
contig_18625_7,0.0,6.0,0.0
contig_18625_4,0.0,2.0,1.0
contig_18625_5,0.0,0.0,1.0
contig_18625_2,0.0,0.0,1.0
contig_18625_3,0.0,5.0,0.0
contig_18625_1,0.0,0.0,0.0
contig_18625_8,0.0,0.0,1.0
contig_18625_9,0.0,0.0,1.0
contig_18627_8,0.0,0.0,1.0
contig_18627_9,0.0,0.0,1.0
contig_18627_1,0.0,0.0,1.0
contig_18627_2,0.0,0.0,1.0
contig_18627_3,0.0,0.0,1.0
contig_18627_4,0.0,5.0,0.0
contig_18627_5,0.0,5.0,0.0
contig_18627_6,0.0,0.0,1.0
contig_18627_7,0.0,1.0,1.0
contig_18660_7,0.0,0.0,1.0
contig_18660_6,0.0,0.0,1.0
contig_18660_5,0.0,0.0,1.0
contig_18660_4,0.0,0.0,1.0
contig_18660_3,0.0,0.0,1.0
contig_18660_2,0.0,1.0,1.0
contig_18660_1,0.0,0.0,1.0
contig_18660_9,0.0,0.0,1.0
contig_18660_8,0.0,0.0,1.0
contig_18662_9,0.0,1.0,1.0
contig_18662_8,0.0,0.0,1.0
contig_18662_1,2.0,0.0,1.0
contig_18662_3,0.0,0.0,1.0
contig_18662_2,0.0,0.0,1.0
contig_18662_5,0.0,0.0,1.0
contig_18662_4,0.0,0.0,1.0
contig_18662_7,0.0,0.0,1.0
contig_18662_6,0.0,0.0,1.0
contig_18590_28,0.0,0.0,1.0
contig_18590_29,0.0,0.0,1.0
contig_18590_24,0.0,1.0,1.0
contig_18590_25,0.0,2.0,0.0
contig_18590_26,0.0,0.0,1.0
contig_18590_27,0.0,0.0,1.0
contig_18590_20,0.0,0.0,1.0
contig_18590_21,0.0,0.0,1.0
contig_18590_22,0.0,0.0,1.0
contig_18590_23,0.0,0.0,1.0
contig_18749_1,0.0,8.0,0.0
contig_18749_3,0.0,12.0,0.0
contig_18749_2,0.0,16.0,0.0
contig_18667_8,0.0,1.0,1.0
contig_18584_31,0.0,0.0,1.0
contig_18591_27,0.0,0.0,1.0
contig_18591_26,0.0,0.0,1.0
contig_18591_25,0.0,7.0,1.0
contig_18591_24,0.0,2.0,1.0
contig_18591_23,0.0,0.0,1.0
contig_18591_22,0.0,0.0,1.0
contig_18591_21,0.0,0.0,1.0
contig_18591_20,0.0,0.0,1.0
contig_18664_9,0.0,0.0,1.0
contig_18664_8,0.0,0.0,1.0
contig_18591_29,0.0,2.0,1.0
contig_18591_28,0.0,0.0,1.0
contig_18666_5,0.0,0.0,1.0
contig_18666_4,0.0,1.0,1.0
contig_18666_7,0.0,0.0,1.0
contig_18666_6,0.0,0.0,1.0
contig_18666_1,0.0,0.0,1.0
contig_18666_3,0.0,0.0,1.0
contig_18666_2,0.0,0.0,1.0
contig_18661_10,0.0,0.0,1.0
contig_18661_11,0.0,0.0,1.0
contig_18581_9,0.0,0.0,1.0
contig_18581_8,0.0,0.0,1.0
contig_18581_7,0.0,0.0,1.0
contig_18581_6,0.0,0.0,1.0
contig_18581_5,0.0,0.0,1.0
contig_18581_4,0.0,0.0,1.0
contig_18581_3,0.0,0.0,1.0
contig_18581_2,0.0,0.0,1.0
contig_18581_1,1.0,2.0,1.0
contig_18585_8,0.0,0.0,1.0
contig_18579_50,1.0,0.0,1.0
contig_18583_1,0.0,0.0,1.0
contig_18583_3,0.0,0.0,1.0
contig_18583_2,0.0,0.0,1.0
contig_18583_5,0.0,0.0,1.0
contig_18583_4,0.0,0.0,1.0
contig_18583_7,0.0,0.0,1.0
contig_18583_6,0.0,0.0,1.0
contig_18583_9,0.0,0.0,1.0
contig_18583_8,0.0,0.0,1.0
contig_18579_51,0.0,2.0,1.0
contig_18742_2,0.0,0.0,1.0
contig_18742_3,0.0,1.0,1.0
contig_18742_1,0.0,0.0,1.0
contig_18742_4,0.0,0.0,1.0
contig_18740_1,1.0,0.0,1.0
contig_18740_2,0.0,0.0,1.0
contig_18599_16,0.0,0.0,1.0
contig_18599_17,0.0,0.0,1.0
contig_18599_14,0.0,0.0,1.0
contig_18599_15,0.0,0.0,1.0
contig_18599_12,0.0,0.0,1.0
contig_18599_13,0.0,0.0,1.0
contig_18599_10,0.0,0.0,1.0
contig_18599_11,0.0,0.0,1.0
contig_18667_5,0.0,0.0,1.0
contig_18599_18,0.0,0.0,1.0
contig_18599_19,0.0,0.0,1.0
contig_18744_1,0.0,0.0,1.0
contig_18744_2,0.0,0.0,1.0
contig_18744_3,0.0,0.0,1.0
contig_18703_6,0.0,0.0,0.0
contig_18703_5,0.0,10.0,1.0
contig_18703_4,0.0,6.0,0.0
contig_18703_3,0.0,7.0,0.0
contig_18703_2,0.0,12.0,0.0
contig_18703_1,0.0,10.0,0.0
contig_18645_12,0.0,0.0,1.0
contig_18645_13,0.0,0.0,1.0
contig_18645_10,0.0,0.0,1.0
contig_18645_11,0.0,0.0,1.0
contig_18645_14,0.0,0.0,1.0
contig_18701_1,0.0,1.0,1.0
contig_18701_3,0.0,8.0,0.0
contig_18701_2,0.0,0.0,1.0
contig_18701_5,0.0,0.0,1.0
contig_18701_4,0.0,3.0,0.0
contig_18580_58,1.0,2.0,1.0
contig_18580_59,0.0,1.0,1.0
contig_18667_7,0.0,0.0,1.0
contig_18580_50,0.0,0.0,1.0
contig_18580_51,0.0,0.0,1.0
contig_18580_52,0.0,4.0,1.0
contig_18580_53,0.0,0.0,1.0
contig_18580_54,0.0,0.0,1.0
contig_18580_55,0.0,1.0,1.0
contig_18580_56,0.0,2.0,1.0
contig_18580_57,0.0,0.0,1.0
contig_18643_10,1.0,0.0,1.0
contig_18643_11,2.0,2.0,2.0
contig_18643_12,0.0,0.0,1.0
contig_18643_13,0.0,0.0,1.0
contig_18707_3,0.0,0.0,1.0
contig_18707_2,0.0,0.0,1.0
contig_18707_1,0.0,0.0,0.0
contig_18707_6,1.0,0.0,1.0
contig_18707_5,1.0,1.0,1.0
contig_18707_4,0.0,0.0,1.0
contig_18705_1,0.0,0.0,1.0
contig_18705_3,0.0,0.0,1.0
contig_18705_2,0.0,0.0,1.0
contig_18635_15,0.0,1.0,1.0
contig_18635_14,0.0,2.0,1.0
contig_18635_16,0.0,2.0,1.0
contig_18635_11,0.0,0.0,1.0
contig_18635_10,0.0,0.0,1.0
contig_18635_13,0.0,0.0,1.0
contig_18635_12,0.0,0.0,1.0
contig_18588_6,0.0,1.0,1.0
contig_18588_7,0.0,0.0,1.0
contig_18588_4,0.0,0.0,1.0
contig_18588_5,0.0,0.0,1.0
contig_18588_2,0.0,0.0,1.0
contig_18580_70,0.0,0.0,1.0
contig_18588_1,0.0,0.0,1.0
contig_18580_71,0.0,0.0,1.0
contig_18588_22,0.0,0.0,1.0
contig_18584_2,0.0,0.0,1.0
contig_18584_3,0.0,0.0,1.0
contig_18584_1,0.0,5.0,2.0
contig_18647_10,0.0,1.0,1.0
contig_18647_11,0.0,0.0,1.0
contig_18647_12,0.0,0.0,1.0
contig_18584_5,0.0,0.0,1.0
contig_18584_8,5.0,2.0,1.0
contig_18584_9,0.0,0.0,0.0
contig_18664_3,1.0,4.0,1.0
contig_18664_2,0.0,0.0,1.0
contig_18664_1,0.0,0.0,1.0
contig_18669_6,0.0,0.0,0.0
contig_18669_7,0.0,0.0,0.0
contig_18669_4,0.0,0.0,0.0
contig_18669_5,0.0,0.0,0.0
contig_18669_2,0.0,0.0,0.0
contig_18669_3,0.0,0.0,0.0
contig_18669_1,0.0,0.0,0.0
contig_18664_7,0.0,0.0,1.0
contig_18611_11,0.0,0.0,1.0
contig_18669_8,0.0,0.0,0.0
contig_18669_9,0.0,0.0,0.0
contig_18631_14,1.0,0.0,1.0
contig_18664_5,0.0,0.0,1.0
contig_18611_17,0.0,0.0,1.0
contig_18664_4,0.0,5.0,1.0
contig_18611_16,0.0,0.0,1.0
contig_18611_15,0.0,0.0,1.0
contig_18611_14,0.0,1.0,1.0
contig_18658_10,0.0,0.0,1.0
contig_18658_11,0.0,0.0,1.0
contig_18658_12,0.0,0.0,1.0
contig_18673_6,0.0,0.0,1.0
contig_18665_10,0.0,0.0,1.0
contig_18673_2,0.0,0.0,1.0
contig_18590_19,0.0,0.0,1.0
contig_18590_18,0.0,0.0,1.0
contig_18622_7,0.0,0.0,1.0
contig_18673_1,0.0,0.0,1.0
contig_18590_11,0.0,0.0,1.0
contig_18590_10,0.0,0.0,1.0
contig_18590_13,0.0,0.0,1.0
contig_18590_12,0.0,0.0,1.0
contig_18590_15,0.0,0.0,1.0
contig_18590_14,0.0,1.0,1.0
contig_18590_17,0.0,0.0,1.0
contig_18677_4,0.0,0.0,1.0
contig_18592_13,0.0,0.0,1.0
contig_18592_12,0.0,0.0,1.0
contig_18592_11,0.0,0.0,1.0
contig_18592_10,0.0,0.0,1.0
contig_18592_17,0.0,5.0,1.0
contig_18592_16,0.0,0.0,1.0
contig_18592_15,0.0,0.0,1.0
contig_18592_14,0.0,0.0,1.0
contig_18592_19,0.0,0.0,0.0
contig_18592_18,0.0,0.0,1.0
contig_18578_7,0.0,0.0,1.0
contig_18591_30,0.0,0.0,1.0
contig_18591_31,0.0,0.0,1.0
contig_18591_32,0.0,0.0,1.0
contig_18591_33,0.0,0.0,1.0
contig_18666_9,0.0,0.0,1.0
contig_18666_8,0.0,0.0,1.0
contig_18577_1,0.0,1.0,1.0
contig_18577_2,3.0,0.0,1.0
contig_18577_3,3.0,0.0,1.0
contig_18577_4,0.0,0.0,1.0
contig_18577_5,0.0,0.0,1.0
contig_18577_6,0.0,0.0,1.0
contig_18577_7,0.0,0.0,1.0
contig_18577_8,0.0,0.0,1.0
contig_18577_9,0.0,0.0,1.0
contig_18579_2,0.0,0.0,1.0
contig_18579_3,0.0,0.0,1.0
contig_18579_1,0.0,0.0,1.0
contig_18579_6,0.0,0.0,1.0
contig_18579_7,0.0,0.0,1.0
contig_18579_4,0.0,0.0,1.0
contig_18579_5,0.0,0.0,1.0
contig_18578_5,0.0,0.0,1.0
contig_18579_9,0.0,0.0,1.0
contig_18600_20,2.0,0.0,1.0
contig_18596_19,0.0,1.0,1.0
contig_18668_6,0.0,2.0,0.0
contig_18622_2,0.0,0.0,1.0
contig_18596_16,0.0,0.0,1.0
contig_18596_15,0.0,0.0,1.0
contig_18596_14,0.0,0.0,1.0
contig_18596_13,0.0,0.0,1.0
contig_18668_5,0.0,0.0,1.0
contig_18596_11,0.0,0.0,1.0
contig_18596_10,0.0,0.0,1.0
contig_18600_23,2.0,1.0,1.0
contig_18600_24,2.0,2.0,1.0
contig_18600_25,3.0,0.0,1.0
contig_18600_26,6.0,0.0,1.0
contig_18708_1,0.0,0.0,1.0
contig_18708_2,0.0,0.0,1.0
contig_18708_3,0.0,0.0,1.0
contig_18708_4,0.0,0.0,1.0
contig_18708_5,0.0,0.0,1.0
contig_18708_6,0.0,0.0,1.0
contig_18708_7,0.0,0.0,1.0
contig_18735_2,0.0,0.0,1.0
contig_18623_15,1.0,0.0,1.0
contig_18623_12,0.0,0.0,1.0
contig_18623_13,0.0,0.0,1.0
contig_18579_18,0.0,0.0,1.0
contig_18579_19,0.0,0.0,1.0
contig_18580_67,0.0,0.0,1.0
contig_18580_66,0.0,0.0,1.0
contig_18580_61,0.0,0.0,1.0
contig_18580_60,0.0,1.0,1.0
contig_18580_63,0.0,0.0,1.0
contig_18580_62,0.0,0.0,1.0
contig_18579_10,0.0,0.0,1.0
contig_18579_11,0.0,0.0,1.0
contig_18579_12,0.0,0.0,1.0
contig_18579_13,0.0,0.0,1.0
contig_18579_14,0.0,0.0,1.0
contig_18579_15,0.0,0.0,1.0
contig_18579_16,0.0,0.0,1.0
contig_18579_17,0.0,0.0,1.0
contig_18638_8,0.0,0.0,1.0
contig_18638_9,1.0,0.0,1.0
contig_18638_4,0.0,0.0,1.0
contig_18638_5,0.0,0.0,1.0
contig_18638_6,0.0,0.0,1.0
contig_18638_7,1.0,0.0,1.0
contig_18638_1,0.0,0.0,1.0
contig_18638_2,3.0,1.0,1.0
contig_18638_3,0.0,0.0,1.0
contig_18577_12,0.0,2.0,0.0
contig_18577_13,0.0,0.0,1.0
contig_18577_10,0.0,0.0,1.0
contig_18577_11,0.0,0.0,1.0
contig_18577_16,0.0,0.0,1.0
contig_18577_17,0.0,0.0,1.0
contig_18577_14,0.0,0.0,1.0
contig_18577_15,0.0,0.0,1.0
contig_18577_18,0.0,0.0,1.0
contig_18577_19,0.0,0.0,1.0
contig_18686_2,0.0,0.0,1.0
contig_18631_9,0.0,0.0,1.0
contig_18631_8,0.0,0.0,1.0
contig_18631_5,0.0,0.0,1.0
contig_18631_4,0.0,0.0,1.0
contig_18631_7,0.0,0.0,1.0
contig_18631_6,0.0,0.0,1.0
contig_18631_1,0.0,4.0,0.0
contig_18631_3,0.0,1.0,1.0
contig_18631_2,2.0,2.0,1.0
contig_18637_9,0.0,0.0,1.0
contig_18637_8,0.0,0.0,1.0
contig_18637_7,0.0,0.0,1.0
contig_18637_6,0.0,0.0,1.0
contig_18637_5,0.0,0.0,1.0
contig_18637_4,0.0,0.0,1.0
contig_18637_3,0.0,0.0,1.0
contig_18637_2,0.0,0.0,1.0
contig_18637_1,0.0,0.0,1.0
contig_18635_1,0.0,0.0,1.0
contig_18635_3,0.0,1.0,1.0
contig_18635_2,0.0,0.0,1.0
contig_18635_5,0.0,1.0,1.0
contig_18635_4,0.0,0.0,1.0
contig_18635_7,0.0,0.0,1.0
contig_18635_6,0.0,0.0,1.0
contig_18635_9,0.0,0.0,1.0
contig_18635_8,0.0,0.0,1.0
contig_18672_6,0.0,0.0,1.0
contig_18672_7,0.0,0.0,1.0
contig_18672_4,0.0,0.0,1.0
contig_18672_5,0.0,0.0,1.0
contig_18672_2,0.0,0.0,1.0
contig_18672_3,0.0,0.0,1.0
contig_18672_1,0.0,0.0,1.0
contig_18670_1,0.0,4.0,0.0
contig_18670_2,0.0,0.0,1.0
contig_18670_3,0.0,0.0,1.0
contig_18670_4,0.0,0.0,1.0
contig_18670_5,0.0,0.0,1.0
contig_18670_6,0.0,0.0,1.0
contig_18670_7,0.0,0.0,1.0
contig_18670_8,0.0,0.0,1.0
contig_18670_9,0.0,0.0,1.0
contig_18633_9,0.0,1.0,1.0
contig_18633_8,0.0,1.0,1.0
contig_18633_3,0.0,2.0,0.0
contig_18633_2,0.0,0.0,1.0
contig_18633_1,0.0,0.0,1.0
contig_18633_7,0.0,0.0,1.0
contig_18633_6,0.0,0.0,1.0
contig_18633_5,0.0,1.0,1.0
contig_18633_4,0.0,1.0,1.0
contig_18677_3,0.0,0.0,1.0
contig_18677_2,0.0,0.0,1.0
contig_18677_1,2.0,0.0,1.0
contig_18677_7,0.0,0.0,1.0
contig_18677_6,0.0,0.0,1.0
contig_18676_8,0.0,0.0,1.0
contig_18676_9,0.0,0.0,1.0
contig_18677_5,1.0,0.0,1.0
contig_18676_2,0.0,0.0,1.0
contig_18676_3,0.0,0.0,1.0
contig_18676_1,0.0,0.0,1.0
contig_18676_6,0.0,0.0,1.0
contig_18676_7,0.0,0.0,1.0
contig_18676_4,0.0,0.0,1.0
contig_18676_5,0.0,0.0,1.0
contig_18674_8,0.0,0.0,1.0
contig_18674_9,0.0,0.0,1.0
contig_18674_4,0.0,0.0,1.0
contig_18674_5,0.0,0.0,1.0
contig_18674_6,0.0,0.0,1.0
contig_18674_7,0.0,0.0,1.0
contig_18674_1,2.0,1.0,1.0
contig_18674_2,0.0,6.0,1.0
contig_18674_3,2.0,1.0,1.0
contig_18587_34,0.0,0.0,1.0
contig_18586_10,0.0,0.0,1.0
contig_18598_11,0.0,2.0,1.0
contig_18598_10,0.0,0.0,1.0
contig_18598_13,1.0,4.0,1.0
contig_18598_12,0.0,2.0,1.0
contig_18598_15,0.0,1.0,1.0
contig_18598_14,0.0,0.0,1.0
contig_18598_17,0.0,0.0,1.0
contig_18598_16,0.0,0.0,1.0
contig_18598_19,1.0,1.0,1.0
contig_18598_18,0.0,1.0,1.0
contig_18746_1,0.0,0.0,0.0
contig_18609_16,0.0,0.0,1.0
contig_18657_11,0.0,1.0,1.0
contig_18657_10,0.0,0.0,1.0
contig_18657_12,0.0,1.0,1.0
contig_18733_2,0.0,0.0,1.0
contig_18733_3,0.0,0.0,1.0
contig_18733_1,0.0,0.0,0.0
contig_18733_4,0.0,0.0,1.0
contig_18616_2,0.0,0.0,1.0
contig_18583_21,0.0,0.0,1.0
contig_18643_2,0.0,0.0,1.0
contig_18660_12,1.0,0.0,1.0
contig_18579_25,0.0,0.0,1.0
contig_18579_24,0.0,0.0,1.0
contig_18579_27,0.0,0.0,1.0
contig_18579_26,0.0,0.0,1.0
contig_18579_21,0.0,1.0,1.0
contig_18579_20,0.0,0.0,1.0
contig_18579_23,0.0,0.0,1.0
contig_18579_22,0.0,0.0,1.0
contig_18660_10,0.0,1.0,1.0
contig_18579_29,0.0,0.0,0.0
contig_18579_28,0.0,0.0,1.0
contig_18739_4,0.0,0.0,1.0
contig_18739_5,0.0,1.0,1.0
contig_18583_27,0.0,2.0,1.0
contig_18739_1,0.0,0.0,1.0
contig_18739_2,0.0,0.0,1.0
contig_18739_3,0.0,0.0,1.0
contig_18616_7,0.0,0.0,1.0
contig_18587_37,0.0,0.0,1.0
contig_18587_36,0.0,0.0,1.0
contig_18587_35,0.0,4.0,1.0
contig_18659_10,0.0,1.0,1.0
contig_18587_33,0.0,2.0,1.0
contig_18587_32,0.0,1.0,1.0
contig_18587_31,0.0,1.0,1.0
contig_18587_30,0.0,1.0,1.0
contig_18595_18,0.0,0.0,1.0
contig_18595_19,0.0,0.0,1.0
contig_18595_12,0.0,0.0,1.0
contig_18595_13,0.0,0.0,1.0
contig_18595_10,0.0,0.0,1.0
contig_18595_11,0.0,0.0,1.0
contig_18595_16,0.0,0.0,1.0
contig_18595_17,0.0,0.0,1.0
contig_18595_14,0.0,0.0,1.0
contig_18595_15,0.0,0.0,1.0
contig_18634_10,0.0,0.0,1.0
contig_18634_11,0.0,0.0,1.0
contig_18679_1,0.0,0.0,1.0
contig_18581_40,0.0,2.0,1.0
contig_18679_3,0.0,0.0,1.0
contig_18679_2,0.0,0.0,1.0
contig_18679_5,0.0,3.0,1.0
contig_18679_4,0.0,1.0,1.0
contig_18679_7,0.0,0.0,1.0
contig_18679_6,0.0,3.0,1.0
contig_18581_42,0.0,0.0,1.0
contig_18581_43,0.0,0.0,1.0
contig_18581_44,0.0,0.0,1.0
contig_18594_31,2.0,0.0,1.0
contig_18594_30,1.0,0.0,1.0
contig_18599_20,0.0,1.0,1.0
contig_18636_14,0.0,0.0,1.0
contig_18636_15,0.0,0.0,1.0
contig_18636_10,0.0,0.0,1.0
contig_18636_11,0.0,0.0,1.0
contig_18636_12,0.0,0.0,1.0
contig_18636_13,0.0,0.0,1.0
contig_18593_10,0.0,1.0,1.0
contig_18593_11,0.0,0.0,1.0
contig_18593_12,0.0,0.0,1.0
contig_18593_13,0.0,0.0,1.0
contig_18593_14,0.0,0.0,1.0
contig_18593_15,0.0,0.0,1.0
contig_18593_16,0.0,0.0,1.0
contig_18593_17,0.0,0.0,1.0
contig_18593_18,0.0,0.0,1.0
contig_18593_19,0.0,0.0,1.0
contig_18643_8,1.0,0.0,1.0
contig_18643_9,0.0,0.0,1.0
contig_18597_14,0.0,1.0,1.0
contig_18681_8,0.0,0.0,1.0
contig_18597_16,1.0,4.0,0.0
contig_18597_17,0.0,0.0,1.0
contig_18597_10,0.0,0.0,1.0
contig_18597_11,0.0,0.0,1.0
contig_18597_12,0.0,0.0,1.0
contig_18597_13,1.0,2.0,1.0
contig_18597_18,0.0,0.0,1.0
contig_18597_19,0.0,0.0,1.0
contig_18616_1,0.0,0.0,1.0
contig_18592_31,0.0,0.0,1.0
contig_18592_30,0.0,0.0,1.0
contig_18592_33,0.0,0.0,1.0
contig_18592_32,0.0,0.0,1.0
contig_18616_3,0.0,0.0,1.0
contig_18591_18,0.0,0.0,1.0
contig_18591_19,0.0,0.0,1.0
contig_18591_16,0.0,0.0,1.0
contig_18591_17,0.0,0.0,1.0
contig_18591_14,1.0,0.0,1.0
contig_18591_15,0.0,0.0,1.0
contig_18591_12,0.0,0.0,1.0
contig_18591_13,0.0,0.0,1.0
contig_18591_10,0.0,0.0,1.0
contig_18591_11,0.0,0.0,1.0
contig_18616_6,0.0,0.0,1.0
contig_18630_14,0.0,0.0,1.0
contig_18630_15,0.0,0.0,1.0
contig_18630_12,6.0,1.0,1.0
contig_18630_13,0.0,0.0,1.0
contig_18630_10,0.0,17.0,0.0
contig_18630_11,2.0,1.0,1.0
contig_18736_3,0.0,3.0,1.0
contig_18609_10,0.0,0.0,1.0
contig_18736_1,0.0,0.0,1.0
contig_18609_11,0.0,0.0,1.0
contig_18632_10,0.0,0.0,1.0
contig_18632_11,0.0,0.0,1.0
contig_18632_12,0.0,0.0,1.0
contig_18632_13,0.0,0.0,1.0
contig_18632_14,0.0,0.0,1.0
contig_18622_8,1.0,0.0,1.0
contig_18734_1,0.0,0.0,1.0
contig_18734_3,0.0,0.0,1.0
contig_18734_2,0.0,0.0,1.0
contig_18734_4,0.0,0.0,1.0
contig_18622_5,1.0,0.0,1.0
contig_18622_4,1.0,0.0,1.0
contig_18624_15,2.0,0.0,2.0
contig_18622_6,2.0,1.0,1.0
contig_18611_12,0.0,0.0,1.0
contig_18624_13,0.0,0.0,1.0
contig_18578_6,0.0,0.0,1.0
contig_18624_11,0.0,0.0,1.0
contig_18578_4,0.0,0.0,1.0
contig_18611_10,0.0,0.0,1.0
contig_18601_23,0.0,0.0,1.0
contig_18601_22,0.0,0.0,1.0
contig_18579_30,1.0,0.0,1.0
contig_18579_31,0.0,0.0,1.0
contig_18579_36,0.0,0.0,1.0
contig_18579_37,0.0,0.0,1.0
contig_18601_25,0.0,0.0,1.0
contig_18601_24,0.0,0.0,1.0
contig_18579_38,0.0,0.0,1.0
contig_18579_39,0.0,0.0,1.0
contig_18669_10,0.0,0.0,0.0
contig_18669_11,0.0,3.0,0.0
contig_18607_2,0.0,0.0,1.0
contig_18607_3,0.0,0.0,1.0
contig_18686_1,0.0,0.0,1.0
contig_18607_1,0.0,0.0,1.0
contig_18607_6,0.0,1.0,1.0
contig_18607_7,0.0,0.0,1.0
contig_18607_4,0.0,0.0,1.0
contig_18607_5,0.0,0.0,1.0
contig_18607_8,0.0,0.0,1.0
contig_18607_9,0.0,0.0,1.0
contig_18605_4,0.0,1.0,1.0
contig_18605_5,0.0,0.0,1.0
contig_18605_6,0.0,2.0,1.0
contig_18605_7,0.0,1.0,1.0
contig_18684_1,0.0,0.0,1.0
contig_18605_1,0.0,3.0,1.0
contig_18605_2,0.0,0.0,1.0
contig_18605_3,0.0,0.0,1.0
contig_18605_8,0.0,1.0,1.0
contig_18605_9,0.0,0.0,1.0
contig_18603_6,0.0,1.0,1.0
contig_18603_7,0.0,0.0,1.0
contig_18603_4,0.0,0.0,1.0
contig_18603_5,0.0,0.0,1.0
contig_18603_2,0.0,1.0,1.0
contig_18603_3,0.0,0.0,1.0
contig_18682_1,0.0,0.0,1.0
contig_18603_1,0.0,0.0,1.0
contig_18587_24,0.0,0.0,1.0
contig_18587_25,0.0,0.0,1.0
contig_18587_26,0.0,0.0,1.0
contig_18587_27,0.0,0.0,1.0
contig_18587_20,0.0,0.0,1.0
contig_18587_21,0.0,0.0,1.0
contig_18603_8,0.0,0.0,1.0
contig_18603_9,0.0,1.0,1.0
contig_18601_8,0.0,0.0,1.0
contig_18601_9,0.0,0.0,1.0
contig_18663_10,0.0,0.0,1.0
contig_18680_1,0.0,0.0,1.0
contig_18601_1,0.0,0.0,1.0
contig_18601_2,0.0,0.0,1.0
contig_18601_3,0.0,0.0,1.0
contig_18601_4,0.0,0.0,1.0
contig_18601_5,0.0,1.0,1.0
contig_18601_6,0.0,0.0,1.0
contig_18601_7,0.0,7.0,0.0
contig_18689_1,0.0,0.0,1.0
contig_18689_2,0.0,0.0,1.0
contig_18689_3,0.0,0.0,1.0
contig_18689_4,0.0,0.0,0.0
contig_18642_9,0.0,0.0,1.0
contig_18642_8,0.0,0.0,1.0
contig_18642_3,0.0,0.0,1.0
contig_18642_2,0.0,0.0,0.0
contig_18642_1,0.0,0.0,1.0
contig_18642_7,0.0,0.0,1.0
contig_18642_6,0.0,0.0,1.0
contig_18642_5,0.0,0.0,1.0
contig_18642_4,0.0,0.0,1.0
contig_18594_28,1.0,0.0,2.0
contig_18609_1,0.0,0.0,1.0
contig_18609_2,0.0,0.0,1.0
contig_18609_3,0.0,0.0,1.0
contig_18640_9,0.0,3.0,1.0
contig_18640_8,0.0,0.0,1.0
contig_18609_6,0.0,1.0,1.0
contig_18609_7,0.0,0.0,1.0
contig_18609_8,0.0,0.0,1.0
contig_18609_9,1.0,0.0,1.0
contig_18640_7,0.0,0.0,1.0
contig_18640_6,0.0,0.0,1.0
contig_18640_1,0.0,0.0,1.0
contig_18594_25,0.0,0.0,1.0
contig_18640_3,0.0,0.0,1.0
contig_18640_2,0.0,0.0,1.0
contig_18593_25,2.0,0.0,1.0
contig_18593_24,0.0,0.0,1.0
contig_18593_27,0.0,0.0,1.0
contig_18593_26,0.0,0.0,1.0
contig_18593_21,0.0,2.0,1.0
contig_18593_20,0.0,0.0,1.0
contig_18593_23,0.0,0.0,1.0
contig_18593_22,0.0,0.0,1.0
contig_18593_29,0.0,0.0,1.0
contig_18593_28,0.0,0.0,1.0
contig_18661_8,0.0,0.0,1.0
contig_18584_30,0.0,0.0,1.0
contig_18661_9,0.0,0.0,1.0
contig_18648_5,0.0,0.0,1.0
contig_18648_4,0.0,0.0,1.0
contig_18648_7,0.0,0.0,1.0
contig_18648_6,0.0,0.0,1.0
contig_18648_1,0.0,0.0,1.0
contig_18648_3,0.0,0.0,1.0
contig_18648_2,0.0,0.0,1.0
contig_18648_9,0.0,0.0,1.0
contig_18648_8,0.0,0.0,1.0
contig_18585_21,0.0,0.0,1.0
contig_18585_26,0.0,0.0,1.0
contig_18585_27,0.0,0.0,1.0
contig_18585_25,0.0,0.0,1.0
contig_18612_1,0.0,3.0,1.0
contig_18597_21,0.0,0.0,1.0
contig_18683_6,1.0,3.0,1.0
contig_18597_23,0.0,0.0,1.0
contig_18597_22,0.0,0.0,1.0
contig_18597_25,0.0,1.0,1.0
contig_18597_24,0.0,0.0,1.0
contig_18683_7,0.0,0.0,1.0
contig_18604_24,0.0,0.0,1.0
contig_18604_25,0.0,0.0,1.0
contig_18604_20,0.0,0.0,1.0
contig_18604_21,0.0,0.0,1.0
contig_18604_22,0.0,0.0,1.0
contig_18604_23,0.0,0.0,1.0
contig_18584_32,0.0,0.0,1.0
contig_18592_28,0.0,0.0,1.0
contig_18592_29,0.0,0.0,1.0
contig_18584_33,0.0,0.0,1.0
contig_18652_12,0.0,0.0,1.0
contig_18652_13,0.0,0.0,1.0
contig_18652_10,0.0,0.0,1.0
contig_18652_11,0.0,0.0,1.0
contig_18592_26,0.0,0.0,1.0
contig_18592_27,0.0,0.0,1.0
contig_18652_14,0.0,0.0,1.0
contig_18652_15,0.0,0.0,1.0
contig_18591_7,0.0,0.0,1.0
contig_18683_1,0.0,0.0,1.0
contig_18584_37,0.0,0.0,1.0
contig_18609_18,0.0,0.0,1.0
contig_18584_34,0.0,0.0,1.0
contig_18597_15,0.0,0.0,1.0
contig_18584_35,0.0,0.0,1.0
contig_18609_19,0.0,0.0,1.0
contig_18586_27,0.0,2.0,1.0
contig_18729_4,0.0,0.0,0.0
contig_18729_3,0.0,0.0,1.0
contig_18729_2,0.0,0.0,1.0
contig_18729_1,0.0,0.0,1.0
contig_18586_26,0.0,0.0,1.0
contig_18654_10,0.0,1.0,1.0
contig_18654_11,0.0,4.0,0.0
contig_18654_12,0.0,1.0,1.0
contig_18586_25,0.0,0.0,1.0
contig_18586_24,0.0,0.0,1.0
contig_18586_23,0.0,0.0,1.0
contig_18586_22,0.0,0.0,1.0
contig_18663_6,0.0,0.0,1.0
contig_18725_3,0.0,3.0,1.0
contig_18725_2,2.0,0.0,1.0
contig_18725_1,0.0,1.0,0.0
contig_18586_20,0.0,0.0,1.0
contig_18725_6,1.0,6.0,0.0
contig_18725_5,2.0,15.0,0.0
contig_18725_4,2.0,0.0,1.0
contig_18663_8,1.0,1.0,1.0
contig_18596_24,0.0,0.0,1.0
contig_18596_22,0.0,0.0,1.0
contig_18596_23,0.0,0.0,1.0
contig_18596_20,0.0,0.0,1.0
contig_18596_21,0.0,0.0,1.0
contig_18727_4,0.0,1.0,1.0
contig_18727_1,0.0,0.0,1.0
contig_18727_3,0.0,0.0,1.0
contig_18727_2,0.0,2.0,1.0
contig_18586_29,0.0,1.0,1.0
contig_18586_28,0.0,1.0,1.0
contig_18582_43,0.0,0.0,1.0
contig_18582_42,0.0,0.0,1.0
contig_18582_45,0.0,0.0,1.0
contig_18746_2,0.0,0.0,0.0
contig_18582_44,0.0,0.0,1.0
contig_18650_10,0.0,1.0,1.0
contig_18650_11,0.0,0.0,1.0
contig_18650_12,0.0,0.0,1.0
contig_18584_6,0.0,0.0,1.0
contig_18584_7,0.0,0.0,1.0
contig_18584_4,0.0,1.0,1.0
contig_18764_2,0.0,5.0,0.0
contig_18764_1,0.0,0.0,1.0
contig_18656_12,1.0,0.0,1.0
contig_18656_10,0.0,0.0,1.0
contig_18656_11,0.0,3.0,1.0
contig_18612_20,0.0,0.0,1.0
contig_18760_2,0.0,0.0,1.0
contig_18760_3,0.0,1.0,1.0
contig_18760_1,0.0,1.0,1.0
contig_18762_4,0.0,0.0,2.0
contig_18762_1,1.0,2.0,1.0
contig_18762_2,1.0,0.0,1.0
contig_18762_3,0.0,0.0,1.0
contig_18641_4,0.0,0.0,1.0
contig_18641_5,1.0,0.0,1.0
contig_18641_6,0.0,0.0,1.0
contig_18641_7,0.0,0.0,1.0
contig_18641_1,0.0,2.0,1.0
contig_18641_2,0.0,0.0,1.0
contig_18641_3,0.0,1.0,1.0
contig_18641_8,1.0,1.0,1.0
contig_18647_6,0.0,0.0,1.0
contig_18647_7,0.0,1.0,1.0
contig_18647_4,1.0,0.0,1.0
contig_18647_5,0.0,0.0,1.0
contig_18647_2,0.0,2.0,1.0
contig_18647_3,1.0,3.0,1.0
contig_18647_1,0.0,8.0,1.0
contig_18647_8,0.0,2.0,1.0
contig_18647_9,0.0,0.0,1.0
contig_18645_8,0.0,0.0,1.0
contig_18645_9,0.0,0.0,1.0
contig_18587_11,0.0,0.0,1.0
contig_18645_1,0.0,0.0,1.0
contig_18645_2,0.0,0.0,1.0
contig_18645_3,0.0,6.0,0.0
contig_18645_4,0.0,2.0,1.0
contig_18645_5,0.0,0.0,1.0
contig_18645_6,1.0,0.0,1.0
contig_18645_7,0.0,0.0,1.0
contig_18602_19,0.0,0.0,1.0
contig_18602_18,0.0,0.0,1.0
contig_18602_17,0.0,0.0,1.0
contig_18602_16,0.0,0.0,1.0
contig_18602_15,0.0,0.0,1.0
contig_18602_14,0.0,0.0,1.0
contig_18602_13,0.0,2.0,1.0
contig_18602_12,0.0,0.0,1.0
contig_18602_11,0.0,0.0,1.0
contig_18602_10,0.0,0.0,1.0
contig_18585_13,0.0,0.0,1.0
contig_18585_12,0.0,4.0,0.0
contig_18585_11,0.0,0.0,1.0
contig_18585_10,0.0,0.0,1.0
contig_18585_17,0.0,0.0,1.0
contig_18585_16,0.0,0.0,1.0
contig_18585_15,0.0,1.0,1.0
contig_18585_14,0.0,1.0,1.0
contig_18585_19,0.0,1.0,1.0
contig_18585_18,0.0,0.0,1.0
contig_18616_13,0.0,0.0,1.0
contig_18588_41,1.0,0.0,0.0
contig_18594_15,1.0,0.0,1.0
contig_18594_14,0.0,0.0,1.0
contig_18594_17,0.0,0.0,1.0
contig_18594_16,0.0,1.0,1.0
contig_18594_11,0.0,0.0,1.0
contig_18594_10,0.0,0.0,1.0
contig_18594_13,0.0,0.0,1.0
contig_18594_12,1.0,0.0,1.0
contig_18616_16,0.0,0.0,1.0
contig_18594_19,0.0,0.0,1.0
contig_18594_18,2.0,0.0,1.0
contig_18593_30,0.0,1.0,1.0
contig_18593_31,0.0,0.0,1.0
contig_18616_14,0.0,0.0,1.0
contig_18616_15,0.0,0.0,1.0
contig_18581_19,0.0,0.0,1.0
contig_18581_18,0.0,0.0,1.0
contig_18581_17,0.0,0.0,1.0
contig_18581_16,1.0,0.0,1.0
contig_18581_15,0.0,0.0,1.0
contig_18581_14,0.0,1.0,1.0
contig_18581_13,0.0,0.0,1.0
contig_18581_12,0.0,0.0,1.0
contig_18581_11,0.0,0.0,1.0
contig_18581_10,0.0,0.0,1.0
contig_18604_19,0.0,0.0,1.0
contig_18604_18,0.0,0.0,1.0
contig_18604_11,0.0,0.0,1.0
contig_18604_10,0.0,0.0,1.0
contig_18604_13,0.0,0.0,1.0
contig_18604_12,0.0,0.0,1.0
contig_18604_15,0.0,1.0,1.0
contig_18604_14,0.0,0.0,1.0
contig_18604_17,0.0,0.0,1.0
contig_18604_16,0.0,0.0,1.0
contig_18726_1,0.0,0.0,1.0
contig_18726_2,0.0,0.0,1.0
contig_18726_3,0.0,0.0,1.0
contig_18736_2,0.0,0.0,1.0
contig_18667_4,0.0,3.0,1.0
contig_18720_4,0.0,0.0,1.0
contig_18720_5,0.0,0.0,1.0
contig_18720_2,0.0,0.0,1.0
contig_18720_3,0.0,0.0,1.0
contig_18720_1,0.0,2.0,1.0
contig_18667_6,0.0,0.0,1.0
contig_18589_17,0.0,0.0,1.0
contig_18589_16,0.0,2.0,1.0
contig_18589_15,0.0,0.0,1.0
contig_18589_14,6.0,1.0,1.0
contig_18589_13,0.0,0.0,1.0
contig_18589_12,0.0,1.0,1.0
contig_18589_11,0.0,0.0,1.0
contig_18589_10,0.0,0.0,1.0
contig_18722_1,0.0,1.0,1.0
contig_18722_2,3.0,2.0,1.0
contig_18722_3,0.0,0.0,1.0
contig_18722_4,0.0,0.0,1.0
contig_18722_5,0.0,0.0,1.0
contig_18589_19,0.0,0.0,1.0
contig_18589_18,0.0,0.0,1.0
contig_18667_2,0.0,0.0,1.0
contig_18667_3,0.0,0.0,1.0
contig_18756_1,1.0,2.0,1.0
contig_18586_3,0.0,0.0,1.0
contig_18593_2,1.0,0.0,1.0
contig_18593_3,1.0,0.0,1.0
contig_18593_1,0.0,1.0,1.0
contig_18593_6,0.0,0.0,1.0
contig_18593_7,0.0,0.0,1.0
contig_18593_4,1.0,0.0,1.0
contig_18593_5,0.0,0.0,1.0
contig_18644_11,0.0,0.0,1.0
contig_18593_8,0.0,0.0,1.0
contig_18593_9,0.0,0.0,1.0
contig_18644_10,0.0,1.0,1.0
contig_18684_7,0.0,0.0,1.0
contig_18586_9,0.0,0.0,1.0
contig_18684_6,0.0,0.0,1.0
contig_18594_29,0.0,0.0,1.0
contig_18580_5,0.0,0.0,1.0
contig_18599_8,0.0,0.0,1.0
contig_18599_9,0.0,0.0,1.0
contig_18599_4,0.0,0.0,1.0
contig_18599_5,0.0,0.0,1.0
contig_18599_6,0.0,0.0,1.0
contig_18599_7,0.0,0.0,1.0
contig_18599_1,0.0,0.0,1.0
contig_18599_2,0.0,0.0,1.0
contig_18599_3,0.0,0.0,1.0
contig_18690_2,0.0,1.0,1.0
contig_18690_3,0.0,0.0,1.0
contig_18690_1,0.0,2.0,0.0
contig_18690_6,0.0,0.0,1.0
contig_18690_7,0.0,0.0,1.0
contig_18690_4,0.0,1.0,1.0
contig_18690_5,1.0,3.0,1.0
contig_18582_41,1.0,0.0,1.0
contig_18582_40,1.0,0.0,1.0
contig_18690_8,0.0,0.0,1.0
contig_18690_9,0.0,0.0,0.0
contig_18680_11,0.0,0.0,1.0
contig_18680_10,0.0,0.0,1.0
contig_18697_7,0.0,0.0,1.0
contig_18697_6,1.0,0.0,1.0
contig_18580_9,0.0,0.0,1.0
contig_18583_42,0.0,0.0,1.0
contig_18583_43,0.0,0.0,1.0
contig_18583_40,0.0,0.0,1.0
contig_18583_41,0.0,0.0,1.0
contig_18698_2,0.0,0.0,1.0
contig_18698_3,0.0,0.0,1.0
contig_18698_1,0.0,0.0,1.0
contig_18698_6,0.0,0.0,1.0
contig_18698_4,0.0,0.0,1.0
contig_18698_5,0.0,0.0,1.0
contig_18697_1,0.0,0.0,1.0
contig_18697_3,0.0,0.0,1.0
contig_18697_2,0.0,0.0,1.0
contig_18697_5,1.0,0.0,1.0
contig_18697_4,1.0,1.0,1.0
contig_18658_8,0.0,0.0,1.0
contig_18658_9,0.0,0.0,1.0
contig_18658_6,0.0,0.0,1.0
contig_18658_7,0.0,0.0,1.0
contig_18658_4,0.0,0.0,1.0
contig_18658_5,0.0,0.0,1.0
contig_18658_2,0.0,0.0,0.0
contig_18658_3,0.0,0.0,0.0
contig_18658_1,0.0,0.0,0.0
contig_18582_19,0.0,1.0,1.0
contig_18654_2,0.0,0.0,1.0
contig_18654_3,0.0,0.0,1.0
contig_18654_1,1.0,0.0,1.0
contig_18654_6,0.0,0.0,1.0
contig_18654_7,0.0,0.0,1.0
contig_18654_4,0.0,0.0,1.0
contig_18654_5,0.0,0.0,1.0
contig_18654_8,0.0,0.0,1.0
contig_18654_9,0.0,0.0,1.0
contig_18594_20,0.0,0.0,1.0
contig_18594_21,0.0,0.0,1.0
contig_18606_13,0.0,0.0,1.0
contig_18606_12,0.0,0.0,1.0
contig_18606_11,0.0,0.0,1.0
contig_18606_10,0.0,0.0,1.0
contig_18606_17,0.0,0.0,1.0
contig_18606_16,0.0,0.0,1.0
contig_18606_15,0.0,0.0,1.0
contig_18606_14,0.0,0.0,1.0
contig_18695_6,0.0,0.0,1.0
contig_18606_19,0.0,0.0,1.0
contig_18606_18,0.0,0.0,1.0
contig_18695_3,0.0,0.0,1.0
contig_18695_2,3.0,0.0,1.0
contig_18695_1,3.0,0.0,2.0
contig_18615_7,0.0,0.0,1.0
contig_18615_6,0.0,0.0,1.0
contig_18615_5,0.0,0.0,1.0
contig_18615_4,0.0,0.0,1.0
contig_18615_3,0.0,1.0,1.0
contig_18615_2,0.0,0.0,1.0
contig_18615_1,0.0,0.0,1.0
contig_18608_15,0.0,0.0,1.0
contig_18608_14,0.0,0.0,1.0
contig_18608_16,0.0,4.0,1.0
contig_18608_11,0.0,0.0,1.0
contig_18608_10,0.0,0.0,1.0
contig_18608_13,0.0,0.0,1.0
contig_18608_12,0.0,0.0,1.0
contig_18719_6,0.0,2.0,0.0
contig_18617_8,0.0,0.0,1.0
contig_18719_4,0.0,0.0,1.0
contig_18719_5,0.0,0.0,1.0
contig_18719_2,0.0,0.0,1.0
contig_18719_3,0.0,0.0,1.0
contig_18719_1,0.0,1.0,1.0
contig_18617_1,0.0,0.0,1.0
contig_18617_3,0.0,0.0,1.0
contig_18617_2,0.0,0.0,1.0
contig_18617_5,0.0,0.0,1.0
contig_18617_4,0.0,0.0,1.0
contig_18617_7,0.0,0.0,1.0
contig_18617_6,0.0,0.0,1.0
contig_18619_9,1.0,1.0,1.0
contig_18619_8,1.0,1.0,1.0
contig_18619_3,0.0,0.0,1.0
contig_18619_2,0.0,0.0,1.0
contig_18619_1,0.0,1.0,1.0
contig_18619_7,0.0,1.0,1.0
contig_18619_6,0.0,0.0,1.0
contig_18619_5,0.0,0.0,1.0
contig_18619_4,0.0,0.0,1.0
contig_18578_59,0.0,0.0,1.0
contig_18578_58,1.0,0.0,1.0
contig_18578_57,0.0,0.0,1.0
contig_18578_56,0.0,0.0,1.0
contig_18578_55,0.0,0.0,1.0
contig_18578_54,0.0,0.0,1.0
contig_18578_53,0.0,0.0,1.0
contig_18578_52,0.0,0.0,1.0
contig_18578_51,0.0,1.0,1.0
contig_18578_50,0.0,0.0,1.0
contig_18741_2,0.0,1.0,0.0
contig_18611_3,0.0,1.0,1.0
contig_18611_2,0.0,0.0,1.0
contig_18611_1,0.0,1.0,1.0
contig_18611_7,0.0,0.0,1.0
contig_18611_6,0.0,0.0,1.0
contig_18611_5,0.0,1.0,1.0
contig_18611_4,0.0,2.0,1.0
contig_18611_9,0.0,2.0,1.0
contig_18611_8,0.0,0.0,1.0
contig_18613_5,0.0,1.0,1.0
contig_18613_4,0.0,0.0,1.0
contig_18613_7,0.0,0.0,1.0
contig_18613_6,0.0,1.0,1.0
contig_18613_1,0.0,0.0,1.0
contig_18594_26,0.0,0.0,1.0
contig_18613_3,0.0,0.0,1.0
contig_18613_2,0.0,0.0,1.0
contig_18613_9,3.0,0.0,1.0
contig_18613_8,1.0,0.0,1.0
contig_18596_9,0.0,0.0,1.0
contig_18596_8,0.0,0.0,1.0
contig_18596_7,0.0,0.0,1.0
contig_18596_6,0.0,0.0,1.0
contig_18596_5,0.0,0.0,1.0
contig_18596_4,0.0,0.0,1.0
contig_18596_3,0.0,2.0,1.0
contig_18596_2,0.0,1.0,1.0
contig_18596_1,0.0,0.0,1.0
contig_18594_1,0.0,0.0,1.0
contig_18594_3,0.0,0.0,1.0
contig_18594_2,0.0,2.0,1.0
contig_18594_5,0.0,0.0,1.0
contig_18594_4,0.0,0.0,1.0
contig_18594_7,0.0,0.0,1.0
contig_18594_6,1.0,0.0,1.0
contig_18594_9,0.0,0.0,1.0
contig_18594_8,0.0,0.0,1.0
contig_18747_2,0.0,0.0,0.0
contig_18758_3,1.0,1.0,1.0
contig_18758_2,1.0,0.0,1.0
contig_18758_1,0.0,0.0,1.0
contig_18653_11,0.0,1.0,1.0
contig_18653_10,0.0,0.0,1.0
contig_18653_13,0.0,0.0,1.0
contig_18653_12,0.0,0.0,1.0
contig_18751_2,0.0,0.0,0.0
contig_18751_1,0.0,0.0,0.0
contig_18665_3,0.0,1.0,1.0
contig_18753_4,0.0,0.0,1.0
contig_18753_5,0.0,0.0,1.0
contig_18753_1,0.0,0.0,1.0
contig_18753_2,0.0,3.0,1.0
contig_18753_3,0.0,0.0,1.0
contig_18755_1,0.0,0.0,1.0
contig_18757_1,0.0,0.0,1.0
contig_18757_2,0.0,0.0,1.0
contig_18710_5,0.0,0.0,1.0
contig_18710_4,0.0,0.0,1.0
contig_18710_3,0.0,0.0,1.0
contig_18710_2,0.0,0.0,1.0
contig_18710_1,0.0,0.0,1.0
contig_18600_33,0.0,0.0,1.0
contig_18600_32,0.0,0.0,1.0
contig_18600_31,2.0,1.0,1.0
contig_18600_30,1.0,3.0,1.0
contig_18712_1,0.0,0.0,1.0
contig_18712_3,0.0,0.0,1.0
contig_18712_2,0.0,0.0,1.0
contig_18712_4,0.0,0.0,1.0
contig_18601_18,1.0,14.0,0.0
contig_18601_19,1.0,1.0,1.0
contig_18601_12,0.0,0.0,1.0
contig_18601_13,0.0,0.0,1.0
contig_18601_10,0.0,0.0,1.0
contig_18601_11,0.0,0.0,1.0
contig_18601_16,0.0,4.0,1.0
contig_18601_17,2.0,4.0,1.0
contig_18601_14,0.0,0.0,1.0
contig_18601_15,1.0,2.0,1.0
contig_18714_3,0.0,0.0,1.0
contig_18714_2,0.0,0.0,1.0
contig_18714_1,0.0,0.0,0.0
contig_18714_4,0.0,0.0,1.0
contig_18716_4,0.0,1.0,1.0
contig_18583_39,0.0,0.0,1.0
contig_18583_38,0.0,0.0,1.0
contig_18716_1,2.0,10.0,0.0
contig_18716_3,0.0,1.0,1.0
contig_18715_3,0.0,0.0,1.0
contig_18583_33,0.0,0.0,1.0
contig_18583_32,0.0,0.0,1.0
contig_18583_31,0.0,0.0,1.0
contig_18583_30,0.0,0.0,1.0
contig_18583_37,0.0,0.0,1.0
contig_18695_5,0.0,1.0,1.0
contig_18583_35,0.0,0.0,1.0
contig_18583_34,0.0,0.0,1.0
contig_18603_14,0.0,0.0,1.0
contig_18603_15,0.0,0.0,1.0
contig_18603_16,0.0,1.0,1.0
contig_18715_1,0.0,1.0,1.0
contig_18603_10,0.0,0.0,1.0
contig_18603_11,0.0,0.0,1.0
contig_18603_12,0.0,0.0,1.0
contig_18603_13,0.0,2.0,1.0
contig_18651_7,0.0,1.0,1.0
contig_18651_6,0.0,1.0,1.0
contig_18651_5,0.0,0.0,1.0
contig_18651_4,0.0,0.0,1.0
contig_18603_18,0.0,0.0,1.0
contig_18603_19,0.0,0.0,1.0
contig_18651_1,0.0,0.0,1.0
contig_18715_4,0.0,0.0,0.0
contig_18715_5,0.0,1.0,0.0
contig_18653_1,0.0,0.0,0.0
contig_18653_3,0.0,0.0,1.0
contig_18653_2,0.0,0.0,1.0
contig_18653_5,0.0,0.0,1.0
contig_18653_4,0.0,0.0,1.0
contig_18653_7,0.0,0.0,1.0
contig_18653_6,0.0,0.0,1.0
contig_18653_9,0.0,0.0,1.0
contig_18653_8,0.0,0.0,1.0
contig_18579_32,0.0,0.0,1.0
contig_18664_6,0.0,0.0,1.0
contig_18579_33,0.0,0.0,1.0
contig_18594_24,0.0,0.0,1.0
contig_18601_21,0.0,1.0,1.0
contig_18601_20,3.0,2.0,1.0
contig_18579_34,0.0,0.0,1.0
contig_18579_35,0.0,0.0,1.0
contig_18614_18,0.0,0.0,1.0
contig_18614_14,0.0,0.0,1.0
contig_18614_15,1.0,0.0,1.0
contig_18614_16,1.0,0.0,1.0
contig_18677_10,0.0,1.0,1.0
contig_18614_10,0.0,0.0,1.0
contig_18614_11,1.0,0.0,1.0
contig_18614_12,1.0,1.0,1.0
contig_18614_13,0.0,1.0,1.0
contig_18585_31,2.0,2.0,0.0
contig_18585_30,1.0,3.0,1.0
contig_18577_89,0.0,1.0,1.0
contig_18577_88,0.0,0.0,1.0
contig_18605_18,0.0,1.0,1.0
contig_18605_19,0.0,5.0,0.0
contig_18577_85,0.0,2.0,1.0
contig_18577_84,0.0,0.0,1.0
contig_18577_87,0.0,0.0,1.0
contig_18577_86,0.0,0.0,1.0
contig_18577_81,0.0,0.0,1.0
contig_18577_80,0.0,0.0,1.0
contig_18577_83,0.0,0.0,1.0
contig_18577_82,0.0,0.0,1.0
contig_18596_18,0.0,0.0,1.0
contig_18628_13,0.0,3.0,0.0
contig_18628_12,0.0,1.0,1.0
contig_18628_11,0.0,0.0,1.0
contig_18628_10,0.0,0.0,1.0
contig_18628_17,0.0,0.0,1.0
contig_18628_16,0.0,0.0,1.0
contig_18628_15,0.0,0.0,1.0
contig_18628_14,0.0,0.0,1.0
contig_18607_18,0.0,0.0,1.0
contig_18607_19,0.0,0.0,1.0
contig_18615_9,0.0,0.0,1.0
contig_18607_10,0.0,0.0,1.0
contig_18607_11,0.0,1.0,1.0
contig_18607_12,0.0,0.0,1.0
contig_18607_13,0.0,0.0,1.0
contig_18607_14,0.0,0.0,1.0
contig_18607_15,0.0,5.0,0.0
contig_18607_16,0.0,6.0,0.0
contig_18607_17,0.0,0.0,1.0
contig_18617_9,0.0,2.0,1.0
contig_18581_39,0.0,0.0,1.0
contig_18581_38,0.0,0.0,1.0
contig_18578_48,0.0,0.0,1.0
contig_18578_49,1.0,0.0,1.0
contig_18578_44,0.0,1.0,1.0
contig_18578_45,1.0,0.0,1.0
contig_18578_46,3.0,6.0,0.0
contig_18578_47,0.0,1.0,1.0
contig_18578_40,0.0,0.0,1.0
contig_18578_41,0.0,0.0,1.0
contig_18578_42,0.0,0.0,1.0
contig_18578_43,0.0,0.0,1.0
contig_18589_7,1.0,0.0,1.0
contig_18589_6,0.0,0.0,1.0
contig_18589_5,0.0,0.0,1.0
contig_18589_4,0.0,0.0,1.0
contig_18589_3,2.0,0.0,1.0
contig_18589_2,0.0,0.0,1.0
contig_18589_1,0.0,0.0,1.0
contig_18589_9,0.0,0.0,1.0
contig_18589_8,0.0,0.0,1.0
contig_18743_3,0.0,0.0,1.0
contig_18743_2,0.0,0.0,1.0
contig_18743_1,0.0,0.0,1.0
contig_18589_31,5.0,18.0,0.0
contig_18589_30,0.0,0.0,1.0
contig_18589_33,0.0,0.0,1.0
contig_18589_32,0.0,0.0,1.0
contig_18589_34,0.0,0.0,1.0
contig_18585_3,0.0,0.0,1.0
contig_18585_2,0.0,0.0,1.0
contig_18585_1,0.0,14.0,0.0
contig_18585_7,0.0,0.0,1.0
contig_18585_6,0.0,0.0,1.0
contig_18585_5,0.0,0.0,1.0
contig_18585_4,0.0,0.0,1.0
contig_18587_9,0.0,0.0,1.0
contig_18587_8,0.0,0.0,1.0
contig_18592_2,0.0,0.0,1.0
contig_18587_5,0.0,0.0,1.0
contig_18587_4,0.0,0.0,1.0
contig_18587_7,0.0,0.0,1.0
contig_18587_6,0.0,0.0,1.0
contig_18587_1,0.0,2.0,0.0
contig_18592_1,0.0,0.0,1.0
contig_18587_3,0.0,0.0,1.0
contig_18587_2,0.0,1.0,1.0
contig_18592_7,0.0,0.0,1.0
contig_18592_6,0.0,0.0,1.0
contig_18592_5,0.0,0.0,1.0
contig_18592_4,0.0,0.0,1.0
contig_18588_18,0.0,0.0,1.0
contig_18588_19,0.0,0.0,1.0
contig_18588_14,0.0,0.0,0.0
contig_18588_15,0.0,0.0,1.0
contig_18588_16,0.0,0.0,1.0
contig_18588_17,0.0,0.0,1.0
contig_18588_10,0.0,0.0,1.0
contig_18588_11,0.0,0.0,1.0
contig_18588_12,0.0,0.0,1.0
contig_18588_13,0.0,0.0,1.0
contig_18600_28,3.0,3.0,1.0
contig_18600_29,3.0,0.0,1.0
contig_18668_9,0.0,0.0,1.0
contig_18668_8,0.0,0.0,1.0
contig_18668_7,0.0,1.0,1.0
contig_18600_21,2.0,3.0,1.0
contig_18600_22,4.0,0.0,1.0
contig_18668_4,0.0,0.0,1.0
contig_18668_3,0.0,0.0,1.0
contig_18668_2,0.0,0.0,1.0
contig_18668_1,0.0,0.0,1.0
contig_18600_27,2.0,0.0,1.0
contig_18598_24,0.0,0.0,1.0
contig_18670_12,0.0,0.0,1.0
contig_18670_10,0.0,0.0,1.0
contig_18670_11,0.0,1.0,1.0
contig_18598_20,0.0,2.0,1.0
contig_18598_21,1.0,1.0,1.0
contig_18598_22,1.0,0.0,1.0
contig_18598_23,0.0,0.0,1.0
contig_18582_23,0.0,0.0,1.0
contig_18582_22,0.0,0.0,1.0
contig_18582_21,0.0,0.0,1.0
contig_18582_20,0.0,0.0,1.0
contig_18582_27,0.0,0.0,1.0
contig_18582_26,0.0,0.0,1.0
contig_18582_25,0.0,0.0,1.0
contig_18582_24,0.0,0.0,1.0
contig_18582_29,2.0,1.0,1.0
contig_18582_28,1.0,3.0,1.0
contig_18579_8,0.0,0.0,1.0
contig_18612_16,0.0,0.0,1.0
contig_18612_17,0.0,0.0,1.0
contig_18612_14,1.0,0.0,1.0
contig_18612_15,1.0,0.0,1.0
contig_18612_12,0.0,4.0,1.0
contig_18612_13,3.0,0.0,1.0
contig_18612_10,1.0,3.0,1.0
contig_18612_11,1.0,3.0,0.0
contig_18580_16,0.0,0.0,1.0
contig_18612_18,0.0,0.0,1.0
contig_18612_19,0.0,0.0,1.0
contig_18583_28,0.0,0.0,1.0
contig_18583_29,0.0,0.0,1.0
contig_18580_17,0.0,0.0,1.0
contig_18583_20,0.0,0.0,1.0
contig_18580_10,0.0,0.0,1.0
contig_18583_22,0.0,0.0,1.0
contig_18583_10,0.0,0.0,1.0
contig_18583_24,0.0,0.0,1.0
contig_18583_25,0.0,0.0,1.0
contig_18583_26,0.0,0.0,1.0
contig_18580_11,0.0,0.0,1.0
contig_18603_20,0.0,0.0,1.0
contig_18580_12,0.0,0.0,1.0
contig_18580_13,0.0,0.0,1.0
contig_18610_10,0.0,0.0,1.0
contig_18610_11,0.0,0.0,1.0
contig_18610_12,0.0,0.0,1.0
contig_18610_13,0.0,0.0,1.0
contig_18610_14,0.0,0.0,1.0
contig_18610_15,0.0,4.0,1.0
contig_18610_16,0.0,0.0,1.0
contig_18610_17,1.0,1.0,1.0
contig_18610_18,0.0,8.0,0.0
contig_18610_19,0.0,0.0,1.0
contig_18629_8,0.0,0.0,1.0
contig_18629_9,0.0,0.0,1.0
contig_18629_2,0.0,4.0,1.0
contig_18629_3,0.0,1.0,1.0
contig_18629_1,0.0,0.0,1.0
contig_18629_6,0.0,0.0,1.0
contig_18629_7,0.0,0.0,1.0
contig_18629_4,0.0,0.0,1.0
contig_18629_5,0.0,0.0,1.0
contig_18609_12,0.0,0.0,1.0
contig_18609_13,0.0,0.0,1.0
contig_18578_9,0.0,0.0,1.0
contig_18578_8,0.0,0.0,1.0
contig_18622_9,1.0,0.0,1.0
contig_18609_17,0.0,0.0,1.0
contig_18609_14,0.0,0.0,1.0
contig_18609_15,0.0,0.0,1.0
contig_18578_3,0.0,0.0,1.0
contig_18578_2,0.0,0.0,1.0
contig_18578_1,0.0,0.0,1.0
contig_18624_14,0.0,0.0,1.0
contig_18622_1,0.0,0.0,0.0
contig_18624_12,0.0,0.0,1.0
contig_18622_3,1.0,1.0,1.0
contig_18624_10,3.0,1.0,1.0
contig_18624_9,1.0,0.0,1.0
contig_18624_8,0.0,1.0,1.0
contig_18624_7,0.0,0.0,1.0
contig_18624_6,0.0,10.0,0.0
contig_18624_5,1.0,0.0,1.0
contig_18624_4,1.0,0.0,1.0
contig_18624_3,0.0,0.0,1.0
contig_18624_2,1.0,0.0,1.0
contig_18624_1,1.0,0.0,1.0
contig_18686_5,0.0,1.0,1.0
contig_18686_4,0.0,0.0,1.0
contig_18626_1,0.0,0.0,0.0
contig_18626_3,0.0,0.0,0.0
contig_18626_2,0.0,0.0,0.0
contig_18626_5,0.0,0.0,1.0
contig_18626_4,0.0,0.0,0.0
contig_18626_7,0.0,0.0,1.0
contig_18626_6,0.0,0.0,1.0
contig_18626_9,0.0,0.0,1.0
contig_18626_8,0.0,0.0,1.0
contig_18585_28,0.0,0.0,1.0
contig_18585_29,0.0,0.0,1.0
contig_18602_20,0.0,0.0,1.0
contig_18602_21,0.0,0.0,1.0
contig_18661_6,0.0,0.0,1.0
contig_18661_7,0.0,0.0,1.0
contig_18661_4,0.0,0.0,1.0
contig_18661_5,0.0,0.0,1.0
contig_18661_2,0.0,0.0,1.0
contig_18661_3,0.0,0.0,1.0
contig_18585_24,0.0,0.0,1.0
contig_18661_1,0.0,0.0,1.0
contig_18596_17,0.0,0.0,1.0
contig_18709_1,0.0,0.0,1.0
contig_18684_5,0.0,0.0,1.0
contig_18709_3,1.0,0.0,1.0
contig_18709_2,0.0,2.0,1.0
contig_18709_5,0.0,0.0,1.0
contig_18709_4,0.0,0.0,1.0
contig_18586_21,0.0,0.0,1.0
contig_18684_4,0.0,0.0,1.0
contig_18577_92,0.0,0.0,1.0
contig_18577_93,0.0,0.0,1.0
contig_18577_90,0.0,0.0,1.0
contig_18577_91,0.0,0.0,1.0
contig_18577_96,0.0,0.0,1.0
contig_18577_97,0.0,1.0,1.0
contig_18577_94,0.0,0.0,1.0
contig_18577_95,0.0,0.0,1.0
contig_18620_9,0.0,0.0,1.0
contig_18620_8,0.0,0.0,1.0
contig_18620_3,0.0,0.0,1.0
contig_18620_2,0.0,5.0,0.0
contig_18620_1,0.0,0.0,0.0
contig_18620_7,0.0,0.0,1.0
contig_18620_6,0.0,0.0,1.0
contig_18620_5,0.0,0.0,1.0
contig_18620_4,0.0,0.0,1.0
contig_18684_3,0.0,0.0,1.0
contig_18748_4,0.0,2.0,0.0
contig_18684_2,0.0,0.0,1.0
contig_18748_1,0.0,0.0,1.0
contig_18748_2,0.0,0.0,1.0
contig_18748_3,0.0,0.0,1.0
contig_18607_20,0.0,0.0,1.0
contig_18587_10,0.0,0.0,1.0
contig_18665_8,0.0,0.0,1.0
contig_18665_9,0.0,3.0,1.0
contig_18665_2,0.0,0.0,1.0
contig_18683_10,0.0,0.0,1.0
contig_18665_1,0.0,0.0,1.0
contig_18665_6,0.0,0.0,1.0
contig_18665_7,0.0,0.0,1.0
contig_18665_4,0.0,0.0,1.0
contig_18665_5,0.0,0.0,1.0
contig_18581_26,0.0,0.0,0.0
contig_18581_27,0.0,0.0,0.0
contig_18581_24,0.0,0.0,0.0
contig_18581_25,0.0,0.0,0.0
contig_18581_22,0.0,0.0,0.0
contig_18581_23,0.0,0.0,0.0
contig_18581_20,0.0,0.0,1.0
contig_18581_21,0.0,0.0,0.0
contig_18622_11,0.0,0.0,1.0
contig_18622_10,2.0,0.0,1.0
contig_18622_13,0.0,0.0,1.0
contig_18622_12,0.0,0.0,1.0
contig_18622_14,0.0,0.0,1.0
contig_18581_28,0.0,0.0,1.0
contig_18581_29,0.0,0.0,1.0
contig_18586_4,0.0,0.0,1.0
contig_18586_5,0.0,0.0,1.0
contig_18586_6,0.0,0.0,1.0
contig_18586_7,0.0,0.0,1.0
contig_18586_1,0.0,0.0,1.0
contig_18586_2,0.0,0.0,1.0
contig_18682_6,0.0,0.0,1.0
contig_18586_8,0.0,0.0,1.0
contig_18682_5,0.0,0.0,1.0
contig_18580_6,0.0,0.0,1.0
contig_18580_7,0.0,0.0,1.0
contig_18580_4,0.0,0.0,1.0
contig_18682_4,0.0,0.0,1.0
contig_18580_2,0.0,0.0,1.0
contig_18580_3,0.0,0.0,1.0
contig_18682_3,0.0,1.0,1.0
contig_18581_41,0.0,3.0,0.0
contig_18580_8,0.0,0.0,1.0
contig_18682_2,0.0,0.0,1.0
contig_18582_8,0.0,0.0,1.0
contig_18582_9,0.0,0.0,1.0
contig_18582_1,0.0,0.0,1.0
contig_18582_2,0.0,0.0,1.0
contig_18582_3,0.0,0.0,1.0
contig_18582_4,0.0,0.0,1.0
contig_18582_5,0.0,0.0,1.0
contig_18582_6,0.0,0.0,1.0
contig_18582_7,0.0,1.0,1.0
contig_18583_11,0.0,1.0,1.0
contig_18741_1,0.0,0.0,1.0
contig_18741_3,0.0,0.0,1.0
contig_18683_4,0.0,0.0,1.0
contig_18587_22,0.0,0.0,1.0
contig_18589_28,0.0,0.0,1.0
contig_18589_29,0.0,0.0,1.0
contig_18589_26,0.0,2.0,0.0
contig_18589_27,0.0,1.0,1.0
contig_18589_24,0.0,0.0,1.0
contig_18589_25,0.0,0.0,1.0
contig_18589_22,0.0,0.0,1.0
contig_18589_23,0.0,0.0,1.0
contig_18589_20,0.0,0.0,1.0
contig_18589_21,0.0,0.0,1.0
contig_18680_9,0.0,0.0,1.0
contig_18680_8,0.0,0.0,1.0
contig_18745_3,0.0,0.0,1.0
contig_18745_2,0.0,0.0,1.0
contig_18745_4,0.0,6.0,0.0
contig_18702_6,0.0,1.0,1.0
contig_18702_4,0.0,0.0,1.0
contig_18702_5,0.0,0.0,1.0
contig_18702_2,0.0,0.0,1.0
contig_18702_3,0.0,0.0,1.0
contig_18702_1,0.0,0.0,1.0
contig_18619_10,1.0,1.0,0.0
contig_18581_45,0.0,0.0,1.0
contig_18680_3,0.0,0.0,1.0
contig_18700_1,0.0,0.0,1.0
contig_18700_2,0.0,0.0,1.0
contig_18700_3,0.0,0.0,1.0
contig_18700_4,0.0,0.0,1.0
contig_18700_5,0.0,0.0,1.0
contig_18700_6,0.0,2.0,1.0
contig_18700_7,0.0,0.0,1.0
contig_18680_5,0.0,0.0,1.0
contig_18680_4,0.0,0.0,1.0
contig_18588_29,0.0,0.0,1.0
contig_18588_28,0.0,0.0,1.0
contig_18581_46,0.0,1.0,1.0
contig_18680_7,0.0,0.0,1.0
contig_18588_21,0.0,0.0,1.0
contig_18588_20,0.0,0.0,1.0
contig_18588_23,0.0,0.0,1.0
contig_18680_6,0.0,0.0,1.0
contig_18588_25,0.0,0.0,1.0
contig_18588_24,0.0,0.0,1.0
contig_18588_27,0.0,0.0,1.0
contig_18588_26,0.0,0.0,1.0
contig_18600_15,0.0,0.0,1.0
contig_18600_14,0.0,0.0,1.0
contig_18600_17,0.0,0.0,1.0
contig_18600_16,0.0,1.0,1.0
contig_18600_11,0.0,2.0,1.0
contig_18600_10,0.0,1.0,1.0
contig_18600_13,0.0,0.0,1.0
contig_18600_12,0.0,0.0,1.0
contig_18600_19,3.0,0.0,1.0
contig_18600_18,3.0,0.0,1.0
contig_18680_2,0.0,0.0,1.0
contig_18706_2,0.0,0.0,1.0
contig_18706_3,0.0,0.0,1.0
contig_18706_1,0.0,0.0,1.0
contig_18706_6,0.0,0.0,1.0
contig_18706_4,1.0,3.0,0.0
contig_18706_5,0.0,0.0,1.0
contig_18704_8,0.0,0.0,1.0
contig_18704_4,0.0,0.0,1.0
contig_18704_5,0.0,0.0,1.0
contig_18704_6,0.0,0.0,1.0
contig_18704_7,0.0,0.0,1.0
contig_18704_1,0.0,0.0,1.0
contig_18704_2,0.0,0.0,1.0
contig_18704_3,2.0,2.0,1.0
contig_18582_30,0.0,0.0,1.0
contig_18582_31,0.0,0.0,1.0
contig_18582_32,0.0,0.0,1.0
contig_18582_33,0.0,0.0,1.0
contig_18582_34,0.0,0.0,1.0
contig_18582_35,0.0,0.0,1.0
contig_18582_36,0.0,0.0,1.0
contig_18582_37,0.0,0.0,1.0
contig_18582_38,0.0,0.0,1.0
contig_18582_39,2.0,0.0,1.0
contig_18583_19,0.0,0.0,1.0
contig_18583_18,0.0,0.0,1.0
contig_18583_15,0.0,0.0,1.0
contig_18583_14,0.0,0.0,1.0
contig_18583_17,0.0,0.0,1.0
contig_18583_16,0.0,0.0,1.0
contig_18617_19,0.0,4.0,1.0
contig_18617_18,0.0,4.0,1.0
contig_18583_13,0.0,0.0,1.0
contig_18583_12,0.0,0.0,1.0
contig_18617_15,0.0,0.0,1.0
contig_18617_14,0.0,0.0,1.0
contig_18617_17,0.0,0.0,1.0
contig_18617_16,0.0,0.0,1.0
contig_18617_11,0.0,0.0,1.0
contig_18617_10,0.0,0.0,1.0
contig_18617_13,0.0,0.0,1.0
contig_18617_12,0.0,0.0,1.0
