,Position,0,1,2,3,4,5,6,7
contig_19657_2,7,0.0,1.0,0.0,0.0,1.0,0.0,0.0,0.0
contig_19657_2,9,0.0,1.0,0.0,0.0,0.0,0.0,0.0,1.0
contig_19657_2,16,0.0,1.0,0.0,0.0,0.0,0.256,0.0,0.744
contig_19657_2,18,0.0,0.0,0.0,1.0,0.84,0.0,0.0,0.16
contig_19657_2,22,0.0,0.0,0.0,1.0,0.0,0.0,0.0,1.0
contig_19657_2,28,0.0,0.0,1.0,0.0,0.0,0.0,1.0,0.0
contig_19657_2,31,0.0,0.0,1.0,0.0,0.0,0.0,1.0,0.0
contig_19657_2,32,0.0,1.0,0.0,0.0,0.0,1.0,0.0,0.0
contig_19657_2,40,0.0,1.0,0.0,0.0,1.0,0.0,0.0,0.0
contig_19657_2,42,0.0,1.0,0.0,0.0,0.952,0.0,0.048,0.0
contig_19657_2,43,0.0,0.0,1.0,0.0,1.0,0.0,0.0,0.0
contig_19657_2,49,0.0,0.0,0.0,1.0,0.0,0.0,1.0,0.0
contig_19657_2,52,0.0,0.0,1.0,0.0,1.0,0.0,0.0,0.0
contig_19657_2,55,0.0,1.0,0.0,0.0,0.0,0.896,0.0,0.104
contig_19657_2,58,0.0,1.0,0.0,0.0,0.0,1.0,0.0,0.0
contig_19657_2,61,0.0,0.0,1.0,0.0,0.0,1.0,0.0,0.0
contig_19657_2,67,1.0,0.0,0.0,0.0,0.0,0.0,1.0,0.0
contig_19657_2,78,1.0,0.0,0.0,0.0,0.0,0.0,1.0,0.0
contig_19657_2,85,0.0,1.0,0.0,0.0,0.0,0.0,0.0,1.0
contig_19657_2,87,1.0,0.0,0.0,0.0,0.0,0.0,1.0,0.0
contig_19657_2,91,0.0,1.0,0.0,0.0,0.0,0.0,0.0,1.0
contig_19657_2,94,0.0,0.0,1.0,0.0,0.0,0.0,0.0,1.0
contig_19657_2,124,0.0,1.0,0.0,0.0,0.0,0.0,1.0,0.0
contig_19657_2,130,1.0,0.0,0.0,0.0,0.0,1.0,0.0,0.0
contig_19657_2,133,0.0,0.0,1.0,0.0,0.0,0.0,0.0,1.0
contig_19657_2,134,1.0,0.0,0.0,0.0,0.0,0.0,1.0,0.0
contig_19657_2,145,0.0,1.0,0.0,0.0,0.0,0.0,0.0,1.0
contig_19657_2,148,0.0,0.0,0.0,1.0,0.0,1.0,0.0,0.0
contig_19657_2,149,1.0,0.0,0.0,0.0,0.0,0.0,0.0,1.0
contig_19657_2,151,0.0,1.0,0.0,0.0,1.0,0.0,0.0,0.0
contig_19657_2,159,1.0,0.0,0.0,0.0,0.964,0.0,0.036,0.0
contig_19657_2,169,0.0,0.0,1.0,0.0,0.0,1.0,0.0,0.0
contig_19657_2,181,0.0,1.0,0.0,0.0,0.0,0.0,1.0,0.0
contig_19657_2,190,0.0,1.0,0.0,0.0,0.0,0.684,0.316,0.0
contig_19657_2,202,0.0,1.0,0.0,0.0,0.0,0.08,0.0,0.92
contig_19657_2,216,1.0,0.0,0.0,0.0,0.0,0.0,1.0,0.0
contig_19657_2,217,0.0,0.0,1.0,0.0,0.0,0.0,1.0,0.0
contig_19657_2,220,0.0,1.0,0.0,0.0,0.0,0.0,1.0,0.0
contig_19657_2,226,0.0,1.0,0.0,0.0,0.016,0.984,0.0,0.0
contig_19657_2,229,0.0,1.0,0.0,0.0,0.0,0.008,0.992,0.0
contig_19657_2,231,0.0,0.0,1.0,0.0,0.0,0.0,1.0,0.0
contig_19657_2,232,0.0,0.0,1.0,0.0,0.0,1.0,0.0,0.0
contig_19657_2,234,0.0,1.0,0.0,0.0,0.0,1.0,0.0,0.0
contig_19657_2,235,0.0,0.0,0.0,1.0,0.0,0.992,0.0,0.008
contig_19657_2,236,0.0,0.0,0.0,1.0,0.0,0.0,1.0,0.0
contig_19657_2,237,0.0,0.0,1.0,0.0,0.0,1.0,0.0,0.0
contig_19657_2,238,0.0,0.0,1.0,0.0,0.008,0.0,0.992,0.0
contig_19657_2,241,1.0,0.0,0.0,0.0,0.956,0.0,0.044,0.0
contig_19657_2,249,0.0,0.0,1.0,0.0,0.0,0.0,0.0,1.0
contig_19657_2,250,0.0,1.0,0.0,0.0,0.0,0.0,1.0,0.0
contig_19657_2,256,0.0,0.0,1.0,0.0,0.0,0.18,0.82,0.0
contig_19657_2,258,0.0,1.0,0.0,0.0,0.0,1.0,0.0,0.0
contig_19657_2,262,0.0,1.0,0.0,0.0,0.0,0.0,1.0,0.0
contig_19657_2,268,0.0,1.0,0.0,0.0,0.0,0.0,0.0,1.0
contig_19657_2,271,0.0,0.0,1.0,0.0,0.0,0.0,0.0,1.0
contig_19657_2,280,0.0,0.0,1.0,0.0,0.0,0.0,0.04,0.96
contig_19657_2,283,0.0,0.0,1.0,0.0,0.0,0.0,1.0,0.0
contig_19657_2,286,1.0,0.0,0.0,0.0,0.0,0.0,1.0,0.0
contig_19657_2,289,0.0,1.0,0.0,0.0,0.0,0.0,1.0,0.0
contig_19657_2,294,1.0,0.0,0.0,0.0,0.004,0.0,0.996,0.0
contig_19657_2,297,1.0,0.0,0.0,0.0,0.0,0.0,1.0,0.0
contig_19657_2,304,1.0,0.0,0.0,0.0,0.0,0.0,1.0,0.0
contig_19657_2,310,0.0,0.0,0.0,1.0,0.0,0.0,1.0,0.0
contig_19657_2,313,0.0,0.0,1.0,0.0,1.0,0.0,0.0,0.0
contig_19657_2,314,0.0,1.0,0.0,0.0,0.0,0.0,1.0,0.0
contig_19657_2,315,0.0,0.0,0.0,1.0,1.0,0.0,0.0,0.0
contig_19657_2,319,1.0,0.0,0.0,0.0,0.0,0.0,1.0,0.0
contig_19657_2,337,0.0,1.0,0.0,0.0,0.996,0.004,0.0,0.0
contig_19657_2,346,0.0,1.0,0.0,0.0,0.0,0.0,0.0,1.0
contig_19657_2,350,0.0,0.0,0.0,1.0,0.0,0.0,0.0,1.0
contig_19657_2,354,0.0,0.0,1.0,0.0,1.0,0.0,0.0,0.0
contig_19657_2,379,0.0,1.0,0.0,0.0,0.0,0.0,1.0,0.0
contig_19657_2,385,0.0,0.0,1.0,0.0,0.0,0.0,1.0,0.0
contig_19657_2,388,0.0,1.0,0.0,0.0,0.0,0.0,1.0,0.0
contig_19657_2,391,0.0,0.0,0.0,1.0,0.0,0.0,0.0,1.0
contig_19657_2,397,1.0,0.0,0.0,0.0,1.0,0.0,0.0,0.0
contig_19657_2,400,0.0,0.0,1.0,0.0,0.0,0.0,1.0,0.0
contig_19657_2,402,0.0,1.0,0.0,0.0,0.0,0.104,0.0,0.896
contig_19657_2,403,1.0,0.0,0.0,0.0,1.0,0.0,0.0,0.0
contig_19657_2,415,0.0,1.0,0.0,0.0,0.0,0.0,0.0,1.0
contig_19657_2,419,0.0,1.0,0.0,0.0,0.0,0.088,0.912,0.0
contig_19657_2,421,0.0,1.0,0.0,0.0,0.0,1.0,0.0,0.0
contig_19657_2,424,0.0,0.0,1.0,0.0,0.0,0.0,1.0,0.0
contig_19657_2,427,0.0,1.0,0.0,0.0,0.0,1.0,0.0,0.0
contig_19657_2,460,0.0,0.0,1.0,0.0,0.94,0.0,0.06,0.0
contig_19657_2,463,1.0,0.0,0.0,0.0,0.728,0.0,0.272,0.0
contig_19657_2,469,0.0,0.0,0.0,1.0,0.0,0.0,1.0,0.0
contig_19657_2,472,1.0,0.0,0.0,0.0,0.0,1.0,0.0,0.0
contig_19657_2,475,0.0,0.0,1.0,0.0,0.0,1.0,0.0,0.0
contig_19657_2,484,0.0,1.0,0.0,0.0,0.0,0.0,1.0,0.0
contig_19657_2,493,0.0,0.0,1.0,0.0,0.0,1.0,0.0,0.0
contig_19657_2,496,0.0,1.0,0.0,0.0,0.0,0.072,0.0,0.928
contig_19657_2,499,1.0,0.0,0.0,0.0,0.0,0.0,1.0,0.0
contig_19657_2,529,0.0,0.0,0.0,1.0,0.0,0.004,0.992,0.004
contig_19657_2,534,0.0,1.0,0.0,0.0,1.0,0.0,0.0,0.0
contig_19657_2,538,0.0,0.0,1.0,0.0,0.0,1.0,0.0,0.0
contig_19657_2,541,0.0,1.0,0.0,0.0,0.0,0.0,0.0,1.0
contig_19657_2,550,0.0,0.0,1.0,0.0,0.784,0.0,0.216,0.0
contig_19657_2,556,0.0,0.0,1.0,0.0,0.008,0.0,0.268,0.724
contig_19657_2,559,0.0,0.0,1.0,0.0,0.0,0.0,0.02,0.98
contig_19657_2,564,1.0,0.0,0.0,0.0,0.904,0.0,0.096,0.0
contig_19657_2,568,0.0,1.0,0.0,0.0,0.004,0.996,0.0,0.0
contig_19657_2,577,1.0,0.0,0.0,0.0,0.0,1.0,0.0,0.0
contig_19657_2,580,1.0,0.0,0.0,0.0,0.832,0.0,0.168,0.0
contig_19657_2,604,0.0,0.0,0.0,1.0,0.0,0.06,0.0,0.94
contig_19657_2,610,0.0,0.0,1.0,0.0,1.0,0.0,0.0,0.0
contig_19657_2,628,1.0,0.0,0.0,0.0,0.0,0.0,1.0,0.0
contig_19657_2,631,0.0,1.0,0.0,0.0,0.0,0.944,0.056,0.0
contig_19657_2,659,0.0,0.0,0.0,1.0,0.0,1.0,0.0,0.0
contig_19657_2,680,1.0,0.0,0.0,0.0,0.88,0.0,0.12,0.0
contig_19657_2,681,0.0,1.0,0.0,0.0,0.0,0.192,0.0,0.808
contig_19657_2,691,0.0,0.0,0.0,1.0,0.0,0.012,0.0,0.988
contig_19657_2,699,0.0,0.0,1.0,0.0,0.0,0.0,0.0,1.0
contig_19657_2,795,0.0,0.0,0.0,1.0,1.0,0.0,0.0,0.0
contig_19657_2,803,0.0,0.0,0.0,1.0,0.0,0.0,1.0,0.0
contig_19657_2,804,0.0,1.0,0.0,0.0,0.0,0.0,0.0,1.0
contig_19657_2,811,0.0,1.0,0.0,0.0,0.0,0.0,1.0,0.0
contig_19657_2,820,0.0,0.0,1.0,0.0,0.0,1.0,0.0,0.0
contig_19657_2,822,0.0,0.0,0.0,1.0,0.0,1.0,0.0,0.0
contig_19657_2,832,0.0,1.0,0.0,0.0,0.0,0.0,1.0,0.0
contig_19657_2,841,0.0,1.0,0.0,0.0,0.004,0.036,0.96,0.0
contig_19657_2,843,1.0,0.0,0.0,0.0,0.008,0.0,0.0,0.992
contig_19657_2,844,0.0,0.0,0.0,1.0,0.0,1.0,0.0,0.0
contig_19657_2,850,0.0,1.0,0.0,0.0,0.0,0.0,0.0,1.0
contig_19657_2,856,1.0,0.0,0.0,0.0,0.0,0.0,1.0,0.0
contig_19657_2,868,1.0,0.0,0.0,0.0,0.228,0.0,0.772,0.0
contig_19657_2,877,0.0,1.0,0.0,0.0,0.0,0.0,1.0,0.0
contig_19657_2,886,0.0,0.0,1.0,0.0,0.0,0.0,1.0,0.0
contig_19657_2,900,0.0,0.0,1.0,0.0,0.148,0.0,0.852,0.0
contig_19657_2,907,0.0,0.0,1.0,0.0,0.0,0.0,0.0,1.0
contig_19657_2,966,0.0,1.0,0.0,0.0,0.0,1.0,0.0,0.0
contig_19657_2,985,0.0,1.0,0.0,0.0,0.0,0.0,1.0,0.0
contig_19657_2,1001,0.0,0.0,0.0,1.0,0.0,0.0,1.0,0.0
contig_19657_2,1006,1.0,0.0,0.0,0.0,0.0,1.0,0.0,0.0
contig_19657_2,1014,0.0,0.0,1.0,0.0,0.744,0.0,0.256,0.0
contig_19545_8,48,0.0,0.0,1.0,0.0,1.0,0.0,0.0,0.0
contig_19545_8,52,0.0,1.0,0.0,0.0,0.0,0.0,1.0,0.0
contig_19545_8,55,0.0,1.0,0.0,0.0,0.0,0.0,1.0,0.0
contig_19545_8,64,0.0,0.0,0.0,1.0,0.0,1.0,0.0,0.0
contig_19545_8,85,1.0,0.0,0.0,0.0,0.0,1.0,0.0,0.0
contig_19545_8,91,0.0,1.0,0.0,0.0,0.0,0.0,0.0,1.0
contig_19545_8,124,1.0,0.0,0.0,0.0,0.0,0.0,0.0,1.0
contig_19545_8,136,0.0,0.0,1.0,0.0,1.0,0.0,0.0,0.0
contig_19545_8,160,0.0,1.0,0.0,0.0,0.0,0.008,0.0,0.992
contig_19545_8,193,0.0,0.0,0.0,1.0,0.0,0.992,0.0,0.008
contig_19545_8,261,0.0,1.0,0.0,0.0,0.0,1.0,0.0,0.0
contig_19545_8,265,0.0,0.0,1.0,0.0,0.0,0.0,1.0,0.0
contig_19545_8,283,0.0,1.0,0.0,0.0,0.0,0.0,0.0,1.0
contig_19545_8,289,0.0,1.0,0.0,0.0,0.0,1.0,0.0,0.0
contig_19545_8,294,0.0,0.0,0.0,1.0,0.0,0.04,0.0,0.96
contig_19545_8,298,1.0,0.0,0.0,0.0,0.792,0.004,0.204,0.0
contig_19545_8,305,1.0,0.0,0.0,0.0,0.0,0.0,0.0,1.0
contig_19545_8,306,0.0,1.0,0.0,0.0,0.0,0.028,0.972,0.0
contig_19545_8,307,0.0,1.0,0.0,0.0,0.0,0.064,0.936,0.0
contig_19545_8,346,1.0,0.0,0.0,0.0,0.576,0.0,0.424,0.0
contig_19545_8,352,1.0,0.0,0.0,0.0,0.0,0.0,1.0,0.0
contig_19545_8,358,1.0,0.0,0.0,0.0,0.832,0.0,0.0,0.168
contig_19545_8,359,0.0,1.0,0.0,0.0,0.0,0.04,0.96,0.0
contig_19545_8,364,0.0,0.0,0.0,1.0,0.0,1.0,0.0,0.0
contig_19545_8,367,0.0,0.0,0.0,1.0,0.0,0.0,0.0,1.0
contig_19545_8,369,0.0,0.0,0.0,1.0,0.0,1.0,0.0,0.0
contig_19545_8,382,0.0,0.0,1.0,0.0,0.048,0.0,0.952,0.0
contig_19545_8,383,0.0,0.0,1.0,0.0,0.0,1.0,0.0,0.0
contig_19545_8,385,0.0,1.0,0.0,0.0,0.0,0.004,0.996,0.0
contig_19545_8,388,0.0,1.0,0.0,0.0,0.0,0.0,1.0,0.0
contig_19545_8,391,0.0,0.0,1.0,0.0,0.0,0.0,1.0,0.0
contig_19545_8,394,0.0,0.0,1.0,0.0,0.0,0.0,1.0,0.0
contig_19545_8,397,0.0,0.0,1.0,0.0,0.0,0.0,1.0,0.0
contig_19545_8,403,0.0,0.0,1.0,0.0,0.0,0.0,1.0,0.0
contig_19545_8,424,0.0,1.0,0.0,0.0,0.0,0.996,0.0,0.004
contig_19545_8,465,0.0,0.0,1.0,0.0,0.0,0.836,0.164,0.0
contig_19545_8,475,0.0,0.0,1.0,0.0,0.0,0.0,1.0,0.0
contig_19545_8,496,0.0,1.0,0.0,0.0,0.976,0.024,0.0,0.0
contig_19545_8,498,1.0,0.0,0.0,0.0,1.0,0.0,0.0,0.0
contig_19545_8,526,1.0,0.0,0.0,0.0,0.0,0.0,1.0,0.0
contig_19545_8,535,0.0,0.0,1.0,0.0,1.0,0.0,0.0,0.0
contig_19545_8,540,0.0,0.0,1.0,0.0,1.0,0.0,0.0,0.0
contig_19545_8,541,0.0,0.0,1.0,0.0,1.0,0.0,0.0,0.0
contig_19545_8,550,0.0,0.0,1.0,0.0,0.0,0.0,1.0,0.0
contig_19545_8,553,0.0,0.0,0.0,1.0,0.0,1.0,0.0,0.0
contig_19545_8,562,1.0,0.0,0.0,0.0,1.0,0.0,0.0,0.0
contig_19545_8,565,0.0,0.0,1.0,0.0,0.0,0.0,1.0,0.0
contig_19545_8,570,0.0,0.0,1.0,0.0,0.0,0.0,1.0,0.0
contig_19545_8,574,0.0,0.0,1.0,0.0,0.0,0.0,1.0,0.0
contig_19545_8,577,0.0,0.0,0.0,1.0,0.0,1.0,0.0,0.0
contig_19545_8,581,1.0,0.0,0.0,0.0,1.0,0.0,0.0,0.0
contig_19545_8,607,0.0,1.0,0.0,0.0,0.0,0.0,0.0,1.0
contig_19545_8,610,0.0,1.0,0.0,0.0,0.0,0.0,0.0,1.0
contig_19545_8,616,0.0,0.0,0.0,1.0,0.0,0.0,0.036,0.964
contig_19545_8,619,0.0,0.0,1.0,0.0,0.0,0.72,0.28,0.0
contig_19545_8,657,0.0,1.0,0.0,0.0,0.0,1.0,0.0,0.0
contig_19545_8,679,0.0,1.0,0.0,0.0,1.0,0.0,0.0,0.0
contig_19545_8,680,0.0,1.0,0.0,0.0,0.0,0.0,1.0,0.0
contig_19545_8,694,0.0,0.0,0.0,1.0,0.0,0.004,0.0,0.996
contig_19545_8,712,0.0,1.0,0.0,0.0,0.0,0.0,1.0,0.0
contig_19545_8,718,1.0,0.0,0.0,0.0,0.04,0.0,0.96,0.0
contig_19545_8,739,0.0,0.0,1.0,0.0,1.0,0.0,0.0,0.0
contig_19545_8,748,0.0,1.0,0.0,0.0,0.0,0.0,0.0,1.0
contig_19545_8,760,0.0,0.0,1.0,0.0,0.0,1.0,0.0,0.0
contig_19545_8,763,0.0,1.0,0.0,0.0,0.0,0.0,1.0,0.0
contig_19545_8,766,1.0,0.0,0.0,0.0,0.004,0.0,0.996,0.0
contig_19545_8,769,1.0,0.0,0.0,0.0,0.948,0.0,0.052,0.0
contig_19545_8,772,0.0,0.0,1.0,0.0,1.0,0.0,0.0,0.0
contig_19545_8,777,1.0,0.0,0.0,0.0,0.956,0.0,0.044,0.0
contig_19545_8,781,0.0,1.0,0.0,0.0,1.0,0.0,0.0,0.0
contig_19545_8,784,0.0,1.0,0.0,0.0,0.0,0.016,0.0,0.984
contig_19545_8,787,1.0,0.0,0.0,0.0,0.0,0.0,1.0,0.0
contig_19545_8,790,1.0,0.0,0.0,0.0,0.592,0.0,0.408,0.0
contig_19545_8,799,1.0,0.0,0.0,0.0,0.0,0.164,0.836,0.0
contig_19545_8,802,0.0,0.0,1.0,0.0,1.0,0.0,0.0,0.0
contig_19545_8,805,0.0,1.0,0.0,0.0,1.0,0.0,0.0,0.0
contig_19545_8,808,0.0,1.0,0.0,0.0,0.0,0.0,1.0,0.0
contig_19545_8,814,0.0,0.0,1.0,0.0,1.0,0.0,0.0,0.0
contig_19545_8,817,0.0,0.0,1.0,0.0,1.0,0.0,0.0,0.0
contig_19545_8,820,0.0,0.0,1.0,0.0,0.0,0.008,0.992,0.0
contig_19545_8,823,0.0,0.0,1.0,0.0,0.0,1.0,0.0,0.0
contig_19545_8,835,0.0,0.0,1.0,0.0,0.0,1.0,0.0,0.0
contig_19545_8,838,0.0,1.0,0.0,0.0,0.0,1.0,0.0,0.0
contig_19545_8,841,0.0,1.0,0.0,0.0,0.944,0.056,0.0,0.0
contig_19545_8,843,0.0,0.0,1.0,0.0,0.004,0.0,0.996,0.0
contig_19545_8,844,0.0,0.0,1.0,0.0,0.0,1.0,0.0,0.0
contig_19545_8,845,0.0,0.0,0.0,1.0,0.0,0.972,0.0,0.028
contig_19545_8,847,0.0,0.0,0.0,1.0,0.0,0.0,0.0,1.0
contig_19545_8,865,0.0,0.0,1.0,0.0,0.0,0.0,1.0,0.0
contig_19545_8,867,0.0,0.0,0.0,1.0,0.0,0.0,0.0,1.0
contig_19545_8,868,0.0,0.0,1.0,0.0,0.0,0.0,1.0,0.0
contig_19545_8,871,0.0,0.0,1.0,0.0,0.0,0.0,1.0,0.0
contig_19545_8,880,0.0,0.0,1.0,0.0,0.016,0.0,0.984,0.0
contig_19545_8,897,0.0,0.0,1.0,0.0,0.14,0.0,0.86,0.0
contig_19545_8,903,0.0,0.0,1.0,0.0,0.112,0.0,0.888,0.0
contig_19545_8,906,0.0,0.0,1.0,0.0,0.0,1.0,0.0,0.0
contig_19545_8,907,0.0,1.0,0.0,0.0,0.34,0.66,0.0,0.0
contig_19545_8,922,0.0,1.0,0.0,0.0,0.828,0.0,0.0,0.172
contig_19545_8,940,0.0,0.0,0.0,1.0,0.0,0.92,0.0,0.08
contig_19541_16,40,0.0,0.0,1.0,0.0,1.0,0.0,0.0,0.0
contig_19541_16,46,0.0,0.0,0.0,1.0,0.0,0.028,0.0,0.972
contig_19541_16,51,0.0,1.0,0.0,0.0,0.0,1.0,0.0,0.0
contig_19541_16,52,1.0,0.0,0.0,0.0,0.0,1.0,0.0,0.0
contig_19541_16,55,0.0,1.0,0.0,0.0,0.0,0.0,1.0,0.0
contig_19541_16,58,0.0,0.0,0.0,1.0,0.0,0.004,0.0,0.996
contig_19541_16,64,1.0,0.0,0.0,0.0,1.0,0.0,0.0,0.0
contig_19541_16,70,0.0,0.0,1.0,0.0,0.988,0.0,0.012,0.0
contig_19541_16,76,0.0,0.0,1.0,0.0,0.984,0.0,0.016,0.0
contig_19541_16,79,1.0,0.0,0.0,0.0,0.368,0.0,0.632,0.0
contig_19541_16,85,1.0,0.0,0.0,0.0,1.0,0.0,0.0,0.0
contig_19541_16,88,0.0,0.0,1.0,0.0,0.0,0.0,0.016,0.984
contig_19541_16,96,1.0,0.0,0.0,0.0,0.0,0.0,1.0,0.0
contig_19541_16,97,0.0,0.0,1.0,0.0,1.0,0.0,0.0,0.0
contig_19541_16,100,0.0,1.0,0.0,0.0,0.0,0.0,1.0,0.0
contig_19541_16,106,0.0,0.0,1.0,0.0,0.0,0.0,1.0,0.0
contig_19541_16,118,0.0,1.0,0.0,0.0,0.0,0.0,0.0,1.0
contig_19541_16,121,1.0,0.0,0.0,0.0,0.0,0.0,1.0,0.0
contig_19541_16,126,1.0,0.0,0.0,0.0,0.116,0.0,0.884,0.0
contig_19541_16,127,1.0,0.0,0.0,0.0,1.0,0.0,0.0,0.0
contig_19541_16,133,0.0,0.0,1.0,0.0,1.0,0.0,0.0,0.0
contig_19541_16,142,1.0,0.0,0.0,0.0,0.0,0.0,0.0,1.0
contig_19541_16,145,1.0,0.0,0.0,0.0,0.0,0.0,1.0,0.0
contig_19541_16,157,0.0,0.0,1.0,0.0,1.0,0.0,0.0,0.0
contig_19541_16,160,0.0,0.0,1.0,0.0,1.0,0.0,0.0,0.0
contig_19541_16,163,1.0,0.0,0.0,0.0,0.0,1.0,0.0,0.0
contig_19541_16,187,1.0,0.0,0.0,0.0,1.0,0.0,0.0,0.0
contig_19541_16,195,0.0,0.0,0.0,1.0,0.696,0.0,0.0,0.304
contig_19541_16,196,0.0,0.0,1.0,0.0,1.0,0.0,0.0,0.0
contig_19541_16,199,1.0,0.0,0.0,0.0,0.0,1.0,0.0,0.0
contig_19541_16,208,1.0,0.0,0.0,0.0,0.0,0.0,1.0,0.0
contig_19541_16,213,0.0,0.0,1.0,0.0,1.0,0.0,0.0,0.0
contig_19541_16,214,0.0,0.0,0.0,1.0,0.0,0.124,0.876,0.0
contig_19541_16,225,1.0,0.0,0.0,0.0,1.0,0.0,0.0,0.0
contig_19541_16,238,0.0,0.0,1.0,0.0,0.652,0.0,0.348,0.0
contig_19541_16,241,0.0,0.0,1.0,0.0,1.0,0.0,0.0,0.0
contig_19541_16,256,1.0,0.0,0.0,0.0,0.988,0.0,0.012,0.0
contig_19541_16,259,0.0,0.0,1.0,0.0,0.0,0.0,1.0,0.0
contig_19541_16,265,1.0,0.0,0.0,0.0,1.0,0.0,0.0,0.0
contig_19541_16,286,0.0,0.0,1.0,0.0,0.008,0.0,0.992,0.0
contig_19541_16,291,0.0,0.0,1.0,0.0,1.0,0.0,0.0,0.0
contig_19541_16,292,0.0,1.0,0.0,0.0,0.0,0.0,1.0,0.0
contig_19541_16,307,1.0,0.0,0.0,0.0,0.568,0.0,0.432,0.0
contig_19541_16,349,0.0,0.0,1.0,0.0,0.98,0.0,0.02,0.0
contig_19541_16,358,0.0,0.0,0.0,1.0,0.0,1.0,0.0,0.0
contig_19541_16,376,0.0,0.0,1.0,0.0,0.0,0.92,0.08,0.0
contig_19541_16,379,0.0,0.0,1.0,0.0,1.0,0.0,0.0,0.0
contig_19541_16,391,0.0,1.0,0.0,0.0,0.0,0.0,0.0,1.0
contig_19541_16,400,0.0,0.0,0.0,1.0,1.0,0.0,0.0,0.0
contig_19541_16,403,0.0,0.0,0.0,1.0,0.0,0.996,0.0,0.004
contig_19541_16,427,0.0,1.0,0.0,0.0,0.0,0.0,1.0,0.0
contig_19541_16,430,0.0,0.0,0.0,1.0,0.0,0.0,1.0,0.0
contig_19541_16,442,0.0,1.0,0.0,0.0,0.0,0.0,0.0,1.0
contig_19541_16,448,1.0,0.0,0.0,0.0,0.912,0.0,0.088,0.0
contig_19541_16,460,1.0,0.0,0.0,0.0,0.0,0.0,1.0,0.0
contig_19541_16,463,1.0,0.0,0.0,0.0,0.736,0.0,0.264,0.0
contig_19541_16,478,1.0,0.0,0.0,0.0,0.012,0.0,0.988,0.0
contig_19541_16,481,0.0,1.0,0.0,0.0,0.0,0.0,1.0,0.0
contig_19541_16,487,0.0,0.0,0.0,1.0,0.0,0.0,1.0,0.0
contig_19541_16,496,0.0,0.0,0.0,1.0,0.62,0.0,0.0,0.38
contig_19541_16,499,0.0,0.0,0.0,1.0,0.32,0.004,0.676,0.0
contig_19541_16,517,0.0,1.0,0.0,0.0,0.0,1.0,0.0,0.0
contig_19541_16,558,0.0,1.0,0.0,0.0,0.0,0.012,0.0,0.988
contig_19541_16,562,0.0,0.0,1.0,0.0,0.0,0.0,0.0,1.0
contig_19541_16,583,0.0,0.0,1.0,0.0,0.38,0.0,0.62,0.0
contig_19541_16,607,1.0,0.0,0.0,0.0,0.888,0.0,0.112,0.0
contig_19541_16,643,1.0,0.0,0.0,0.0,0.34,0.0,0.66,0.0
contig_19541_16,658,1.0,0.0,0.0,0.0,0.004,0.0,0.996,0.0
contig_19541_16,664,0.0,0.0,1.0,0.0,1.0,0.0,0.0,0.0
contig_19541_16,667,0.0,0.0,1.0,0.0,1.0,0.0,0.0,0.0
contig_19541_16,679,0.0,1.0,0.0,0.0,0.0,0.004,0.0,0.996
contig_19541_16,682,0.0,0.0,1.0,0.0,0.0,0.0,0.0,1.0
contig_19541_16,691,1.0,0.0,0.0,0.0,0.0,0.0,1.0,0.0
contig_19541_16,694,0.0,0.0,1.0,0.0,1.0,0.0,0.0,0.0
contig_19541_16,706,0.0,1.0,0.0,0.0,0.0,0.0,0.0,1.0
contig_19541_16,709,1.0,0.0,0.0,0.0,0.0,0.0,1.0,0.0
contig_19541_16,727,0.0,0.0,0.0,1.0,0.032,0.0,0.0,0.968
contig_19558_12,91,0.0,1.0,0.0,0.0,0.0,0.344,0.0,0.656
contig_19558_12,97,0.0,0.0,0.0,1.0,0.112,0.0,0.004,0.884
contig_19558_12,136,0.0,0.0,0.0,1.0,0.0,1.0,0.0,0.0
contig_19558_12,163,0.0,0.0,0.0,1.0,0.0,0.0,0.0,1.0
contig_19558_12,169,1.0,0.0,0.0,0.0,1.0,0.0,0.0,0.0
contig_19558_12,202,0.0,1.0,0.0,0.0,0.112,0.872,0.0,0.016
contig_19558_12,226,0.0,1.0,0.0,0.0,0.992,0.008,0.0,0.0
contig_19558_12,256,0.0,1.0,0.0,0.0,1.0,0.0,0.0,0.0
contig_19558_12,257,0.0,1.0,0.0,0.0,0.0,0.024,0.0,0.976
contig_19558_12,258,0.0,1.0,0.0,0.0,0.0,0.256,0.744,0.0
contig_19558_12,265,0.0,0.0,1.0,0.0,0.0,1.0,0.0,0.0
contig_19558_12,277,0.0,0.0,1.0,0.0,0.0,0.0,1.0,0.0
contig_19558_12,279,0.0,0.0,1.0,0.0,0.0,0.0,0.024,0.976
contig_19558_12,280,0.0,1.0,0.0,0.0,0.0,0.996,0.0,0.004
contig_19558_12,281,0.0,0.0,0.0,1.0,0.0,1.0,0.0,0.0
contig_19558_12,292,1.0,0.0,0.0,0.0,0.0,0.0,1.0,0.0
contig_19558_12,295,0.0,1.0,0.0,0.0,0.0,0.688,0.0,0.312
contig_19558_12,298,0.0,0.0,1.0,0.0,0.104,0.0,0.896,0.0
contig_19558_12,301,0.0,0.0,0.0,1.0,0.0,0.24,0.0,0.76
contig_19558_12,304,1.0,0.0,0.0,0.0,0.0,1.0,0.0,0.0
contig_19558_12,306,0.0,0.0,1.0,0.0,1.0,0.0,0.0,0.0
contig_19558_12,316,0.0,0.0,1.0,0.0,0.0,0.944,0.056,0.0
contig_19558_12,352,0.0,0.0,0.0,1.0,0.0,0.0,0.0,1.0
contig_19558_12,361,0.0,1.0,0.0,0.0,0.588,0.412,0.0,0.0
contig_19558_12,364,0.0,1.0,0.0,0.0,0.94,0.06,0.0,0.0
contig_19558_12,368,0.0,0.0,1.0,0.0,0.956,0.0,0.044,0.0
contig_19558_12,391,0.0,0.0,1.0,0.0,0.0,0.0,0.0,1.0
contig_19558_12,397,0.0,1.0,0.0,0.0,0.0,0.768,0.0,0.232
contig_19558_12,400,1.0,0.0,0.0,0.0,0.704,0.0,0.296,0.0
contig_19558_12,418,0.0,0.0,1.0,0.0,0.948,0.0,0.052,0.0
contig_19558_12,421,0.0,0.0,1.0,0.0,0.588,0.0,0.412,0.0
contig_19558_12,429,0.0,0.0,0.0,1.0,0.0,0.952,0.0,0.048
contig_19558_12,445,1.0,0.0,0.0,0.0,0.0,1.0,0.0,0.0
contig_19558_12,448,0.0,0.0,1.0,0.0,0.0,0.0,1.0,0.0
contig_19558_12,449,0.0,0.0,1.0,0.0,0.976,0.0,0.024,0.0
contig_19558_12,451,1.0,0.0,0.0,0.0,0.0,1.0,0.0,0.0
contig_19558_12,460,0.0,1.0,0.0,0.0,1.0,0.0,0.0,0.0
contig_19558_12,469,0.0,1.0,0.0,0.0,0.0,1.0,0.0,0.0
contig_19558_12,471,1.0,0.0,0.0,0.0,1.0,0.0,0.0,0.0
contig_19558_12,472,0.0,0.0,0.0,1.0,0.0,0.0,0.0,1.0
contig_19558_12,484,0.0,0.0,1.0,0.0,0.084,0.0,0.916,0.0
contig_19558_12,489,0.0,0.0,1.0,0.0,0.0,0.788,0.212,0.0
contig_19558_12,505,1.0,0.0,0.0,0.0,0.0,1.0,0.0,0.0
contig_19558_12,508,1.0,0.0,0.0,0.0,0.0,0.0,0.0,1.0
contig_19558_12,540,0.0,1.0,0.0,0.0,0.0,1.0,0.0,0.0
contig_19558_12,541,0.0,0.0,1.0,0.0,0.0,0.0,1.0,0.0
contig_19558_12,550,1.0,0.0,0.0,0.0,1.0,0.0,0.0,0.0
contig_19558_12,557,0.0,0.0,0.0,1.0,0.0,0.0,1.0,0.0
contig_19558_12,559,0.0,0.0,0.0,1.0,0.044,0.0,0.0,0.956
contig_19558_12,560,0.0,0.0,0.0,1.0,0.0,0.0,0.0,1.0
contig_19558_12,562,0.0,0.0,1.0,0.0,0.0,0.0,1.0,0.0
contig_19558_12,580,1.0,0.0,0.0,0.0,1.0,0.0,0.0,0.0
contig_19558_12,583,0.0,0.0,0.0,1.0,0.088,0.724,0.0,0.188
contig_19558_12,592,0.0,0.0,1.0,0.0,0.98,0.0,0.02,0.0
contig_19558_12,595,1.0,0.0,0.0,0.0,0.076,0.0,0.924,0.0
contig_19558_12,600,0.0,1.0,0.0,0.0,0.0,0.0,1.0,0.0
contig_19558_12,610,0.0,0.0,0.0,1.0,0.0,0.88,0.12,0.0
contig_19558_12,616,0.0,0.0,1.0,0.0,0.028,0.0,0.972,0.0
contig_19558_12,625,0.0,0.0,0.0,1.0,0.0,0.0,0.0,1.0
contig_19558_12,634,0.0,1.0,0.0,0.0,0.0,0.868,0.0,0.132
contig_19558_12,637,0.0,1.0,0.0,0.0,0.0,0.88,0.004,0.116
contig_19558_12,650,0.0,0.0,0.0,1.0,0.276,0.0,0.0,0.724
contig_19558_12,651,0.0,1.0,0.0,0.0,0.292,0.708,0.0,0.0
contig_19558_12,658,1.0,0.0,0.0,0.0,0.0,0.0,0.0,1.0
contig_19558_12,667,0.0,1.0,0.0,0.0,0.0,0.26,0.0,0.74
contig_19558_12,673,0.0,0.0,0.0,1.0,0.0,0.708,0.0,0.292
contig_19558_12,682,0.0,1.0,0.0,0.0,0.0,0.0,1.0,0.0
contig_19558_12,687,0.0,0.0,1.0,0.0,0.0,0.0,0.0,1.0
contig_19558_12,718,0.0,0.0,1.0,0.0,0.964,0.0,0.036,0.0
contig_19558_12,729,0.0,0.0,1.0,0.0,0.0,1.0,0.0,0.0
contig_19558_12,730,0.0,0.0,1.0,0.0,1.0,0.0,0.0,0.0
contig_19558_12,736,0.0,0.0,0.0,1.0,0.0,1.0,0.0,0.0
contig_19558_12,739,0.0,0.0,1.0,0.0,0.0,0.996,0.004,0.0
contig_19558_12,748,1.0,0.0,0.0,0.0,0.0,1.0,0.0,0.0
contig_19558_12,757,1.0,0.0,0.0,0.0,0.0,0.0,1.0,0.0
contig_19558_12,760,0.0,1.0,0.0,0.0,0.0,0.0,1.0,0.0
contig_19558_12,762,1.0,0.0,0.0,0.0,0.0,0.0,0.0,1.0
contig_19558_12,769,1.0,0.0,0.0,0.0,0.0,0.0,1.0,0.0
contig_19558_12,772,0.0,0.0,0.0,1.0,0.0,0.0,1.0,0.0
contig_19558_12,778,0.0,1.0,0.0,0.0,1.0,0.0,0.0,0.0
contig_19558_12,781,0.0,0.0,1.0,0.0,0.0,1.0,0.0,0.0
contig_19558_12,782,0.0,1.0,0.0,0.0,0.0,1.0,0.0,0.0
contig_19558_12,796,1.0,0.0,0.0,0.0,0.0,0.0,0.0,1.0
contig_19558_12,810,0.0,0.0,1.0,0.0,1.0,0.0,0.0,0.0
contig_19558_12,811,0.0,1.0,0.0,0.0,0.0,0.076,0.0,0.924
contig_19558_12,817,0.0,1.0,0.0,0.0,0.0,0.0,0.0,1.0
contig_19558_12,838,0.0,0.0,1.0,0.0,0.0,0.944,0.056,0.0
contig_19558_12,843,0.0,0.0,0.0,1.0,0.0,1.0,0.0,0.0
contig_19558_12,853,1.0,0.0,0.0,0.0,0.0,1.0,0.0,0.0
contig_19558_12,856,0.0,0.0,0.0,1.0,0.0,1.0,0.0,0.0
contig_19558_12,865,1.0,0.0,0.0,0.0,0.0,0.0,1.0,0.0
contig_19558_12,874,1.0,0.0,0.0,0.0,0.0,0.0,1.0,0.0
contig_19558_12,886,1.0,0.0,0.0,0.0,0.004,0.0,0.996,0.0
contig_19558_12,895,0.0,1.0,0.0,0.0,0.0,0.0,0.0,1.0
contig_19558_12,898,0.0,0.0,0.0,1.0,1.0,0.0,0.0,0.0
contig_19558_12,903,1.0,0.0,0.0,0.0,0.0,0.0,0.0,1.0
contig_19558_12,907,0.0,0.0,1.0,0.0,0.0,0.0,1.0,0.0
contig_19558_12,915,0.0,1.0,0.0,0.0,0.0,0.0,0.0,1.0
contig_19558_12,924,0.0,0.0,0.0,1.0,0.0,1.0,0.0,0.0
contig_19558_12,926,0.0,1.0,0.0,0.0,0.0,0.0,0.0,1.0
contig_19558_12,933,0.0,0.0,0.0,1.0,0.0,0.0,1.0,0.0
contig_19558_12,934,0.0,0.0,1.0,0.0,1.0,0.0,0.0,0.0
contig_19558_12,940,0.0,0.0,1.0,0.0,0.0,1.0,0.0,0.0
contig_19558_12,943,0.0,0.0,1.0,0.0,0.0,0.22,0.0,0.78
contig_19558_12,944,1.0,0.0,0.0,0.0,0.0,1.0,0.0,0.0
contig_19558_12,946,1.0,0.0,0.0,0.0,0.016,0.0,0.984,0.0
contig_19558_12,955,0.0,0.0,1.0,0.0,0.0,0.0,0.0,1.0
contig_19558_12,956,0.0,1.0,0.0,0.0,0.0,0.0,1.0,0.0
contig_19558_12,957,1.0,0.0,0.0,0.0,0.0,1.0,0.0,0.0
contig_19558_12,958,1.0,0.0,0.0,0.0,0.0,0.0,0.0,1.0
contig_19558_12,961,1.0,0.0,0.0,0.0,0.0,0.0,1.0,0.0
contig_19558_12,964,0.0,1.0,0.0,0.0,0.0,0.0,0.0,1.0
contig_19558_12,970,0.0,1.0,0.0,0.0,0.0,0.0,1.0,0.0
contig_19558_12,978,0.0,0.0,0.0,1.0,1.0,0.0,0.0,0.0
contig_19558_12,1000,1.0,0.0,0.0,0.0,0.0,0.0,1.0,0.0
contig_19558_12,1006,0.0,0.0,1.0,0.0,0.0,0.0,0.0,1.0
contig_19558_12,1009,0.0,1.0,0.0,0.0,0.0,0.0,1.0,0.0
contig_19558_12,1012,0.0,1.0,0.0,0.0,0.0,0.984,0.016,0.0
contig_19558_12,1018,0.0,1.0,0.0,0.0,0.0,0.0,0.0,1.0
contig_19558_12,1039,0.0,0.0,0.0,1.0,0.0,1.0,0.0,0.0
contig_19558_12,1042,0.0,1.0,0.0,0.0,0.0,0.996,0.0,0.004
contig_19558_12,1044,1.0,0.0,0.0,0.0,0.0,0.0,1.0,0.0
contig_19558_12,1051,0.0,0.0,0.0,1.0,0.0,1.0,0.0,0.0
contig_19558_12,1054,1.0,0.0,0.0,0.0,0.0,0.0,1.0,0.0
contig_19558_12,1066,0.0,1.0,0.0,0.0,1.0,0.0,0.0,0.0
contig_19558_12,1067,0.0,0.0,1.0,0.0,1.0,0.0,0.0,0.0
contig_19558_12,1081,0.0,0.0,1.0,0.0,0.0,1.0,0.0,0.0
contig_19558_12,1084,0.0,0.0,0.0,1.0,0.0,0.0,1.0,0.0
contig_19558_12,1086,0.0,1.0,0.0,0.0,0.0,0.0,0.0,1.0
contig_19558_12,1092,1.0,0.0,0.0,0.0,0.0,0.0,1.0,0.0
contig_19558_12,1093,0.0,1.0,0.0,0.0,0.0,0.136,0.0,0.864
contig_19558_12,1101,0.0,0.0,1.0,0.0,0.996,0.0,0.004,0.0
contig_19558_12,1105,1.0,0.0,0.0,0.0,0.0,0.0,1.0,0.0
contig_19558_12,1115,1.0,0.0,0.0,0.0,0.0,0.0,0.0,1.0
contig_19558_12,1116,0.0,0.0,1.0,0.0,0.0,1.0,0.0,0.0
contig_19558_12,1128,0.0,0.0,0.0,1.0,0.0,0.0,0.84,0.16
contig_19558_12,1129,1.0,0.0,0.0,0.0,0.0,0.0,1.0,0.0
contig_19558_12,1149,0.0,0.0,0.0,1.0,0.0,1.0,0.0,0.0
contig_19558_12,1156,0.0,0.0,0.0,1.0,0.0,1.0,0.0,0.0
contig_19558_12,1168,1.0,0.0,0.0,0.0,0.0,0.0,0.0,1.0
contig_19558_12,1187,0.0,1.0,0.0,0.0,0.0,0.0,0.0,1.0
contig_19558_12,1192,0.0,1.0,0.0,0.0,1.0,0.0,0.0,0.0
contig_19558_12,1197,1.0,0.0,0.0,0.0,0.0,0.0,1.0,0.0
contig_19558_12,1201,1.0,0.0,0.0,0.0,0.0,0.0,0.0,1.0
contig_19558_12,1202,0.0,1.0,0.0,0.0,0.0,0.0,0.0,1.0
contig_19558_12,1220,0.0,1.0,0.0,0.0,1.0,0.0,0.0,0.0
contig_19558_12,1228,1.0,0.0,0.0,0.0,0.0,0.0,1.0,0.0
contig_19558_12,1231,0.0,0.0,1.0,0.0,1.0,0.0,0.0,0.0
contig_19558_12,1264,1.0,0.0,0.0,0.0,0.004,0.0,0.996,0.0
contig_19558_12,1267,0.0,1.0,0.0,0.0,0.0,0.0,1.0,0.0
contig_19558_12,1269,1.0,0.0,0.0,0.0,0.0,0.0,0.0,1.0
contig_19558_12,1270,1.0,0.0,0.0,0.0,0.0,1.0,0.0,0.0
contig_19558_12,1275,1.0,0.0,0.0,0.0,0.812,0.0,0.188,0.0
contig_19558_12,1276,0.0,1.0,0.0,0.0,0.0,1.0,0.0,0.0
contig_19558_12,1291,1.0,0.0,0.0,0.0,1.0,0.0,0.0,0.0
contig_19558_12,1294,0.0,0.0,1.0,0.0,0.0,0.0,1.0,0.0
contig_19558_12,1297,0.0,1.0,0.0,0.0,0.0,1.0,0.0,0.0
contig_19558_12,1300,0.0,1.0,0.0,0.0,0.612,0.388,0.0,0.0
contig_19558_12,1308,0.0,0.0,1.0,0.0,1.0,0.0,0.0,0.0
contig_19558_12,1309,0.0,0.0,0.0,1.0,1.0,0.0,0.0,0.0
contig_19558_12,1310,0.0,0.0,1.0,0.0,0.0,0.0,0.008,0.992
contig_19558_12,1312,0.0,0.0,0.0,1.0,0.0,0.504,0.044,0.452
contig_19558_12,1315,1.0,0.0,0.0,0.0,0.0,0.0,1.0,0.0
contig_19558_12,1318,0.0,1.0,0.0,0.0,0.04,0.34,0.62,0.0
contig_19558_12,1333,0.0,0.0,0.0,1.0,0.0,0.0,0.0,1.0
contig_19558_12,1339,1.0,0.0,0.0,0.0,1.0,0.0,0.0,0.0
contig_19558_12,1342,0.0,0.0,1.0,0.0,0.0,0.0,1.0,0.0
contig_19558_12,1343,0.0,0.0,1.0,0.0,0.0,0.956,0.044,0.0
contig_19558_12,1345,1.0,0.0,0.0,0.0,0.004,0.0,0.996,0.0
contig_19558_12,1351,0.0,0.0,1.0,0.0,0.0,0.0,0.004,0.996
contig_19558_12,1353,1.0,0.0,0.0,0.0,1.0,0.0,0.0,0.0
contig_19558_12,1354,1.0,0.0,0.0,0.0,0.968,0.0,0.032,0.0
contig_19558_12,1357,0.0,0.0,1.0,0.0,0.064,0.0,0.936,0.0
contig_19558_12,1361,1.0,0.0,0.0,0.0,0.0,0.0,0.0,1.0
contig_19558_12,1372,0.0,0.0,1.0,0.0,0.552,0.0,0.436,0.012
contig_19558_12,1375,1.0,0.0,0.0,0.0,0.008,0.0,0.212,0.78
contig_19558_12,1384,1.0,0.0,0.0,0.0,0.928,0.0,0.0,0.072
contig_19558_12,1387,0.0,1.0,0.0,0.0,0.0,0.184,0.0,0.816
contig_19558_12,1390,1.0,0.0,0.0,0.0,0.0,0.0,1.0,0.0
contig_19558_12,1402,0.0,0.0,0.0,1.0,0.956,0.0,0.0,0.044
contig_19558_12,1447,0.0,0.0,1.0,0.0,0.0,0.0,1.0,0.0
contig_19558_12,1456,0.0,1.0,0.0,0.0,0.0,0.932,0.068,0.0
contig_19558_12,1468,1.0,0.0,0.0,0.0,0.0,1.0,0.0,0.0
contig_19558_12,1483,1.0,0.0,0.0,0.0,0.0,1.0,0.0,0.0
contig_19558_12,1489,1.0,0.0,0.0,0.0,0.0,0.0,0.0,1.0
contig_19558_12,1495,1.0,0.0,0.0,0.0,0.0,1.0,0.0,0.0
contig_19558_12,1497,0.0,1.0,0.0,0.0,0.12,0.88,0.0,0.0
contig_19558_12,1513,0.0,1.0,0.0,0.0,0.0,0.0,0.0,1.0
contig_19558_12,1516,1.0,0.0,0.0,0.0,0.004,0.0,0.996,0.0
contig_19558_12,1534,0.0,0.0,1.0,0.0,0.0,1.0,0.0,0.0
contig_19558_12,1537,0.0,0.0,1.0,0.0,0.996,0.0,0.004,0.0
contig_19558_12,1546,0.0,1.0,0.0,0.0,0.0,0.0,0.0,1.0
contig_19558_12,1552,0.0,0.0,1.0,0.0,0.0,0.0,0.0,1.0
contig_19558_12,1554,0.0,0.0,0.0,1.0,0.0,0.996,0.0,0.004
contig_19558_12,1573,0.0,0.0,1.0,0.0,0.0,0.908,0.092,0.0
contig_19558_12,1576,0.0,0.0,1.0,0.0,0.0,0.108,0.892,0.0
contig_19558_12,1579,0.0,1.0,0.0,0.0,0.0,1.0,0.0,0.0
contig_19558_12,1584,0.0,0.0,1.0,0.0,0.0,0.0,1.0,0.0
contig_19558_12,1588,1.0,0.0,0.0,0.0,1.0,0.0,0.0,0.0
contig_19558_12,1591,0.0,0.0,0.0,1.0,0.0,0.0,0.972,0.028
contig_19558_12,1593,0.0,0.0,0.0,1.0,0.0,0.0,0.908,0.092
contig_19558_12,1600,0.0,0.0,1.0,0.0,0.0,0.0,1.0,0.0
contig_19558_12,1609,0.0,0.0,1.0,0.0,0.0,0.0,1.0,0.0
contig_19558_12,1618,0.0,0.0,1.0,0.0,0.0,0.944,0.056,0.0
contig_19558_12,1620,0.0,0.0,0.0,1.0,0.984,0.0,0.0,0.016
contig_19558_12,1621,0.0,0.0,1.0,0.0,0.0,0.98,0.02,0.0
contig_19558_12,1624,0.0,0.0,0.0,1.0,0.0,0.0,0.976,0.024
contig_19558_12,1627,0.0,0.0,1.0,0.0,1.0,0.0,0.0,0.0
contig_19558_12,1642,0.0,1.0,0.0,0.0,0.0,1.0,0.0,0.0
contig_19558_12,1645,1.0,0.0,0.0,0.0,1.0,0.0,0.0,0.0
contig_19558_12,1648,0.0,0.0,1.0,0.0,0.0,0.0,1.0,0.0
contig_19558_12,1651,0.0,0.0,1.0,0.0,0.0,0.0,1.0,0.0
contig_19558_12,1660,0.0,0.0,1.0,0.0,0.0,1.0,0.0,0.0
contig_19558_12,1666,0.0,0.0,1.0,0.0,1.0,0.0,0.0,0.0
contig_19558_12,1670,0.0,1.0,0.0,0.0,0.0,1.0,0.0,0.0
contig_19558_12,1672,0.0,1.0,0.0,0.0,0.0,1.0,0.0,0.0
contig_19558_12,1675,1.0,0.0,0.0,0.0,0.0,0.0,1.0,0.0
contig_19558_12,1684,0.0,0.0,0.0,1.0,0.0,0.0,1.0,0.0
contig_19558_12,1693,0.0,0.0,1.0,0.0,0.0,0.0,0.104,0.896
contig_19558_12,1699,0.0,0.0,0.0,1.0,0.0,0.0,1.0,0.0
contig_19558_12,1701,0.0,0.0,1.0,0.0,0.0,0.0,0.964,0.036
contig_19558_12,1705,1.0,0.0,0.0,0.0,0.396,0.004,0.6,0.0
contig_19558_12,1759,0.0,0.0,1.0,0.0,0.088,0.0,0.912,0.0
contig_19558_12,1813,1.0,0.0,0.0,0.0,0.0,1.0,0.0,0.0
contig_19558_12,1822,0.0,1.0,0.0,0.0,0.004,0.372,0.624,0.0
contig_19558_12,1825,0.0,1.0,0.0,0.0,0.004,0.44,0.54,0.016
contig_19558_12,1828,1.0,0.0,0.0,0.0,0.872,0.0,0.128,0.0
contig_19558_12,1831,0.0,0.0,1.0,0.0,0.556,0.0,0.444,0.0
contig_19558_12,1842,0.0,0.0,1.0,0.0,0.0,0.128,0.872,0.0
contig_19558_12,1885,0.0,1.0,0.0,0.0,1.0,0.0,0.0,0.0
contig_19558_12,1891,1.0,0.0,0.0,0.0,0.724,0.004,0.272,0.0
contig_19558_12,1903,1.0,0.0,0.0,0.0,0.548,0.0,0.452,0.0
contig_19558_12,1963,0.0,1.0,0.0,0.0,0.0,0.116,0.0,0.884
contig_19558_12,1987,0.0,0.0,0.0,1.0,0.0,0.004,0.872,0.124
contig_19558_12,1994,0.0,0.0,0.0,1.0,0.0,1.0,0.0,0.0
contig_19558_12,2046,1.0,0.0,0.0,0.0,0.0,1.0,0.0,0.0
contig_19558_12,2047,0.0,0.0,1.0,0.0,0.0,1.0,0.0,0.0
contig_19558_12,2050,0.0,0.0,1.0,0.0,1.0,0.0,0.0,0.0
contig_19558_12,2062,0.0,1.0,0.0,0.0,0.0,0.992,0.0,0.008
contig_19558_12,2071,0.0,1.0,0.0,0.0,0.0,0.868,0.0,0.132
contig_19558_12,2091,0.0,0.0,1.0,0.0,0.656,0.004,0.34,0.0
contig_19558_12,2122,0.0,1.0,0.0,0.0,0.908,0.092,0.0,0.0
contig_19558_12,2152,0.0,0.0,0.0,1.0,1.0,0.0,0.0,0.0
contig_19558_12,2158,0.0,1.0,0.0,0.0,0.0,0.0,0.0,1.0
contig_19558_12,2164,1.0,0.0,0.0,0.0,0.0,1.0,0.0,0.0
contig_19558_12,2167,1.0,0.0,0.0,0.0,0.0,0.0,1.0,0.0
contig_19558_12,2168,1.0,0.0,0.0,0.0,1.0,0.0,0.0,0.0
contig_19558_12,2173,0.0,0.0,1.0,0.0,0.0,0.0,0.0,1.0
contig_19558_12,2179,0.0,0.0,1.0,0.0,0.0,0.0,1.0,0.0
contig_19558_12,2182,0.0,0.0,0.0,1.0,0.0,1.0,0.0,0.0
contig_19558_12,2185,1.0,0.0,0.0,0.0,1.0,0.0,0.0,0.0
contig_19558_12,2188,0.0,0.0,1.0,0.0,0.0,0.0,1.0,0.0
contig_19558_12,2197,0.0,0.0,1.0,0.0,0.0,1.0,0.0,0.0
contig_19558_12,2202,1.0,0.0,0.0,0.0,0.0,0.0,1.0,0.0
contig_19558_12,2204,0.0,0.0,1.0,0.0,1.0,0.0,0.0,0.0
contig_19558_12,2218,0.0,0.0,1.0,0.0,1.0,0.0,0.0,0.0
contig_19558_12,2227,0.0,0.0,0.0,1.0,0.0,1.0,0.0,0.0
contig_19558_12,2254,0.0,1.0,0.0,0.0,0.0,0.0,1.0,0.0
contig_19558_12,2257,0.0,0.0,1.0,0.0,0.996,0.0,0.004,0.0
contig_19558_12,2260,1.0,0.0,0.0,0.0,0.0,0.0,1.0,0.0
contig_19558_12,2263,0.0,0.0,0.0,1.0,0.0,0.0,1.0,0.0
contig_19558_12,2265,0.0,1.0,0.0,0.0,0.0,0.0,0.0,1.0
contig_19558_12,2284,0.0,0.0,1.0,0.0,1.0,0.0,0.0,0.0
contig_19558_12,2314,1.0,0.0,0.0,0.0,0.192,0.0,0.808,0.0
contig_19558_12,2317,1.0,0.0,0.0,0.0,0.0,0.0,0.0,1.0
contig_19558_12,2329,0.0,1.0,0.0,0.0,0.464,0.536,0.0,0.0
contig_19558_12,2330,1.0,0.0,0.0,0.0,0.0,1.0,0.0,0.0
contig_19558_12,2332,0.0,1.0,0.0,0.0,0.0,0.36,0.0,0.64
contig_19558_12,2335,0.0,0.0,0.0,1.0,0.0,0.104,0.0,0.896
contig_19558_12,2341,0.0,1.0,0.0,0.0,0.068,0.932,0.0,0.0
contig_19558_12,2358,0.0,1.0,0.0,0.0,0.276,0.724,0.0,0.0
contig_19558_12,2359,0.0,0.0,0.0,1.0,0.84,0.0,0.148,0.012
contig_19558_12,2382,1.0,0.0,0.0,0.0,0.8,0.0,0.2,0.0
contig_19558_12,2410,0.0,1.0,0.0,0.0,0.0,0.012,0.0,0.988
contig_19558_13,13,0.0,0.0,1.0,0.0,1.0,0.0,0.0,0.0
contig_19558_13,27,0.0,0.0,0.0,1.0,0.0,0.0,0.0,1.0
contig_19558_13,43,0.0,1.0,0.0,0.0,0.0,1.0,0.0,0.0
contig_19558_13,49,0.0,1.0,0.0,0.0,0.0,0.768,0.0,0.232
contig_19558_13,55,1.0,0.0,0.0,0.0,0.784,0.0,0.216,0.0
contig_19558_13,58,0.0,0.0,1.0,0.0,0.0,1.0,0.0,0.0
contig_19558_13,61,0.0,1.0,0.0,0.0,1.0,0.0,0.0,0.0
contig_19558_13,64,1.0,0.0,0.0,0.0,0.94,0.0,0.06,0.0
contig_19558_13,70,1.0,0.0,0.0,0.0,0.0,1.0,0.0,0.0
contig_19558_13,79,0.0,1.0,0.0,0.0,0.0,0.0,1.0,0.0
contig_19558_13,81,1.0,0.0,0.0,0.0,0.0,0.0,1.0,0.0
contig_19558_13,84,0.0,0.0,0.0,1.0,0.0,0.0,1.0,0.0
contig_19558_13,88,0.0,0.0,1.0,0.0,0.0,0.0,0.024,0.976
contig_19558_13,91,0.0,0.0,0.0,1.0,0.0,0.0,1.0,0.0
contig_19558_13,97,0.0,0.0,1.0,0.0,1.0,0.0,0.0,0.0
contig_19558_13,103,0.0,0.0,1.0,0.0,0.0,0.0,0.0,1.0
contig_19558_13,109,0.0,0.0,1.0,0.0,1.0,0.0,0.0,0.0
contig_19558_13,112,0.0,1.0,0.0,0.0,1.0,0.0,0.0,0.0
contig_19558_13,117,1.0,0.0,0.0,0.0,1.0,0.0,0.0,0.0
contig_19558_13,119,0.0,0.0,0.0,1.0,0.0,1.0,0.0,0.0
contig_19558_13,127,0.0,0.0,1.0,0.0,0.0,0.0,1.0,0.0
contig_19558_13,133,1.0,0.0,0.0,0.0,0.904,0.0,0.096,0.0
contig_19558_13,139,0.0,0.0,1.0,0.0,0.876,0.0,0.124,0.0
contig_19558_13,157,1.0,0.0,0.0,0.0,1.0,0.0,0.0,0.0
contig_19558_13,166,0.0,0.0,0.0,1.0,0.0,0.0,1.0,0.0
contig_19558_13,169,0.0,0.0,1.0,0.0,1.0,0.0,0.0,0.0
contig_19558_13,175,0.0,0.0,1.0,0.0,0.0,0.0,0.0,1.0
contig_19558_13,178,0.0,1.0,0.0,0.0,0.0,0.0,1.0,0.0
contig_19558_13,184,0.0,0.0,1.0,0.0,0.0,0.0,0.0,1.0
contig_19558_13,186,0.0,0.0,1.0,0.0,1.0,0.0,0.0,0.0
contig_19558_13,193,0.0,1.0,0.0,0.0,0.0,0.0,1.0,0.0
contig_19558_13,196,0.0,0.0,0.0,1.0,0.0,1.0,0.0,0.0
contig_19558_13,202,1.0,0.0,0.0,0.0,0.0,0.0,1.0,0.0
contig_19558_13,205,0.0,1.0,0.0,0.0,0.0,0.0,1.0,0.0
contig_19558_13,208,0.0,0.0,1.0,0.0,1.0,0.0,0.0,0.0
contig_19558_13,211,0.0,0.0,1.0,0.0,1.0,0.0,0.0,0.0
contig_19558_13,212,0.0,0.0,1.0,0.0,0.0,0.0,1.0,0.0
contig_19558_13,220,1.0,0.0,0.0,0.0,1.0,0.0,0.0,0.0
contig_19558_13,223,1.0,0.0,0.0,0.0,1.0,0.0,0.0,0.0
contig_19558_13,226,1.0,0.0,0.0,0.0,0.0,0.0,0.0,1.0
contig_19558_13,229,0.0,0.0,0.0,1.0,0.0,1.0,0.0,0.0
contig_19558_13,232,0.0,1.0,0.0,0.0,1.0,0.0,0.0,0.0
contig_19558_13,235,0.0,0.0,1.0,0.0,0.0,0.0,1.0,0.0
contig_19558_13,241,0.0,1.0,0.0,0.0,0.0,1.0,0.0,0.0
contig_19558_13,244,0.0,0.0,1.0,0.0,0.0,1.0,0.0,0.0
contig_19558_13,250,0.0,0.0,1.0,0.0,0.0,1.0,0.0,0.0
contig_19558_13,253,0.0,0.0,1.0,0.0,1.0,0.0,0.0,0.0
contig_19558_13,256,1.0,0.0,0.0,0.0,1.0,0.0,0.0,0.0
contig_19558_13,259,0.0,0.0,1.0,0.0,1.0,0.0,0.0,0.0
contig_19558_13,267,0.0,0.0,1.0,0.0,0.0,0.0,1.0,0.0
contig_19558_13,268,1.0,0.0,0.0,0.0,1.0,0.0,0.0,0.0
contig_19558_13,271,0.0,0.0,0.0,1.0,0.0,0.0,0.304,0.696
contig_19558_13,277,0.0,1.0,0.0,0.0,0.0,1.0,0.0,0.0
contig_19558_13,301,1.0,0.0,0.0,0.0,0.6,0.0,0.4,0.0
contig_19558_13,304,0.0,0.0,0.0,1.0,0.0,0.404,0.0,0.596
contig_19558_13,306,0.0,0.0,0.0,1.0,0.0,0.0,1.0,0.0
contig_19558_13,316,1.0,0.0,0.0,0.0,0.0,0.0,1.0,0.0
contig_19558_13,319,0.0,0.0,1.0,0.0,1.0,0.0,0.0,0.0
contig_19558_13,331,0.0,1.0,0.0,0.0,0.0,0.0,1.0,0.0
contig_19558_13,352,0.0,1.0,0.0,0.0,0.0,0.004,0.0,0.996
contig_19558_13,355,0.0,0.0,0.0,1.0,1.0,0.0,0.0,0.0
contig_19558_13,358,1.0,0.0,0.0,0.0,0.012,0.0,0.0,0.988
contig_19558_13,367,1.0,0.0,0.0,0.0,0.468,0.0,0.532,0.0
contig_19558_13,370,0.0,1.0,0.0,0.0,0.0,0.0,0.0,1.0
contig_19558_13,373,1.0,0.0,0.0,0.0,0.012,0.0,0.988,0.0
contig_19558_13,376,0.0,1.0,0.0,0.0,0.0,0.0,0.0,1.0
contig_19558_13,382,1.0,0.0,0.0,0.0,0.996,0.0,0.004,0.0
contig_19558_13,388,0.0,0.0,1.0,0.0,1.0,0.0,0.0,0.0
contig_19558_13,391,0.0,0.0,1.0,0.0,0.0,0.0,0.0,1.0
contig_19558_13,394,1.0,0.0,0.0,0.0,0.0,0.0,1.0,0.0
contig_19558_13,397,0.0,0.0,1.0,0.0,0.0,1.0,0.0,0.0
contig_19558_13,400,0.0,0.0,0.0,1.0,0.0,0.0,1.0,0.0
contig_19558_13,415,0.0,0.0,1.0,0.0,1.0,0.0,0.0,0.0
contig_19558_13,418,0.0,0.0,1.0,0.0,0.004,0.0,0.996,0.0
contig_19558_13,427,0.0,0.0,0.0,1.0,0.0,1.0,0.0,0.0
contig_19558_13,430,0.0,0.0,1.0,0.0,0.0,0.0,0.0,1.0
contig_19558_13,436,1.0,0.0,0.0,0.0,0.0,0.0,0.0,1.0
contig_19558_13,439,0.0,1.0,0.0,0.0,0.0,0.0,1.0,0.0
contig_19558_13,442,0.0,0.0,1.0,0.0,0.0,1.0,0.0,0.0
contig_19558_13,451,0.0,1.0,0.0,0.0,0.0,1.0,0.0,0.0
contig_19558_13,458,1.0,0.0,0.0,0.0,0.0,1.0,0.0,0.0
contig_19558_13,481,0.0,0.0,0.0,1.0,0.0,1.0,0.0,0.0
contig_19558_13,483,0.0,0.0,0.0,1.0,0.0,0.0,1.0,0.0
contig_19558_13,484,1.0,0.0,0.0,0.0,0.0,0.0,1.0,0.0
contig_19558_13,490,0.0,1.0,0.0,0.0,0.0,0.368,0.0,0.632
contig_19558_13,499,0.0,0.0,1.0,0.0,0.0,0.0,0.66,0.34
contig_19558_13,500,0.0,1.0,0.0,0.0,0.0,1.0,0.0,0.0
contig_19558_13,502,0.0,1.0,0.0,0.0,0.0,0.0,1.0,0.0
contig_19558_13,509,0.0,0.0,0.0,1.0,0.0,0.0,0.0,1.0
contig_19558_13,514,0.0,0.0,1.0,0.0,1.0,0.0,0.0,0.0
contig_19558_13,523,0.0,1.0,0.0,0.0,0.0,1.0,0.0,0.0
contig_19558_13,526,0.0,0.0,1.0,0.0,0.0,0.0,1.0,0.0
contig_19558_13,543,1.0,0.0,0.0,0.0,1.0,0.0,0.0,0.0
contig_19558_13,544,0.0,1.0,0.0,0.0,0.0,0.14,0.86,0.0
contig_19558_13,546,1.0,0.0,0.0,0.0,0.948,0.0,0.052,0.0
contig_19558_13,547,1.0,0.0,0.0,0.0,1.0,0.0,0.0,0.0
contig_19558_13,548,0.0,0.0,0.0,1.0,0.0,0.0,0.0,1.0
contig_19558_13,550,1.0,0.0,0.0,0.0,0.0,0.0,1.0,0.0
contig_19558_13,556,0.0,0.0,0.0,1.0,0.0,0.816,0.0,0.184
contig_19558_13,559,0.0,1.0,0.0,0.0,0.0,0.02,0.0,0.98
contig_19558_13,568,0.0,0.0,1.0,0.0,0.0,0.996,0.004,0.0
contig_19558_13,574,0.0,0.0,1.0,0.0,1.0,0.0,0.0,0.0
contig_19558_13,580,0.0,0.0,1.0,0.0,0.0,1.0,0.0,0.0
contig_19558_13,582,1.0,0.0,0.0,0.0,0.0,1.0,0.0,0.0
contig_19558_13,583,1.0,0.0,0.0,0.0,0.0,0.0,0.708,0.292
contig_19558_13,589,0.0,0.0,0.0,1.0,0.0,0.996,0.0,0.004
contig_19558_13,592,0.0,0.0,1.0,0.0,1.0,0.0,0.0,0.0
contig_19558_13,595,1.0,0.0,0.0,0.0,0.772,0.0,0.228,0.0
contig_19558_13,600,0.0,1.0,0.0,0.0,0.0,0.0,1.0,0.0
contig_19558_13,601,0.0,0.0,0.0,1.0,0.96,0.028,0.0,0.012
contig_19558_13,604,0.0,1.0,0.0,0.0,0.0,1.0,0.0,0.0
contig_19558_13,610,0.0,0.0,1.0,0.0,0.54,0.0,0.46,0.0
contig_19558_13,616,1.0,0.0,0.0,0.0,0.0,1.0,0.0,0.0
contig_19558_13,625,0.0,0.0,1.0,0.0,0.796,0.0,0.204,0.0
contig_19558_13,626,0.0,0.0,0.0,1.0,1.0,0.0,0.0,0.0
contig_19558_13,631,1.0,0.0,0.0,0.0,0.012,0.0,0.988,0.0
contig_19558_13,637,0.0,1.0,0.0,0.0,0.0,0.968,0.0,0.032
contig_19558_13,646,1.0,0.0,0.0,0.0,0.0,0.0,0.0,1.0
contig_19558_13,649,0.0,0.0,1.0,0.0,0.0,0.988,0.004,0.008
contig_19558_13,652,0.0,1.0,0.0,0.0,0.0,0.568,0.0,0.432
contig_19558_13,655,0.0,1.0,0.0,0.0,0.0,0.224,0.0,0.776
contig_19558_13,667,0.0,0.0,1.0,0.0,1.0,0.0,0.0,0.0
contig_19558_13,676,0.0,0.0,1.0,0.0,0.0,1.0,0.0,0.0
contig_19558_13,677,0.0,0.0,0.0,1.0,0.0,0.0,1.0,0.0
contig_19558_13,685,0.0,0.0,0.0,1.0,0.0,1.0,0.0,0.0
contig_19558_13,702,1.0,0.0,0.0,0.0,0.0,0.0,0.0,1.0
contig_19558_13,704,0.0,0.0,1.0,0.0,0.0,1.0,0.0,0.0
contig_19558_13,709,1.0,0.0,0.0,0.0,0.0,0.0,1.0,0.0
contig_19558_13,736,1.0,0.0,0.0,0.0,0.024,0.02,0.956,0.0
contig_19558_13,742,0.0,0.0,1.0,0.0,0.996,0.0,0.004,0.0
contig_19558_13,811,0.0,1.0,0.0,0.0,0.0,1.0,0.0,0.0
contig_19558_13,838,1.0,0.0,0.0,0.0,0.0,1.0,0.0,0.0
contig_19558_13,844,0.0,0.0,0.0,1.0,0.0,0.004,0.0,0.996
contig_19558_13,845,0.0,0.0,0.0,1.0,0.244,0.0,0.0,0.756
contig_19558_13,883,0.0,0.0,0.0,1.0,0.78,0.0,0.0,0.22
contig_19558_13,922,0.0,1.0,0.0,0.0,0.0,1.0,0.0,0.0
contig_19558_13,931,0.0,1.0,0.0,0.0,0.0,0.0,0.0,1.0
contig_19732_1,9,0.0,0.0,1.0,0.0,1.0,0.0,0.0,0.0
contig_19732_1,42,0.0,1.0,0.0,0.0,0.692,0.0,0.0,0.308
contig_19732_1,45,0.0,1.0,0.0,0.0,0.0,0.0,0.0,1.0
contig_19732_1,48,0.0,1.0,0.0,0.0,0.0,0.992,0.0,0.008
contig_19732_1,54,0.0,0.0,0.0,1.0,0.0,1.0,0.0,0.0
contig_19732_1,58,0.0,0.0,1.0,0.0,1.0,0.0,0.0,0.0
contig_19732_1,61,1.0,0.0,0.0,0.0,0.776,0.0,0.224,0.0
contig_19732_1,63,0.0,1.0,0.0,0.0,0.0,0.0,0.0,1.0
contig_19732_1,100,0.0,1.0,0.0,0.0,0.0,0.0,0.0,1.0
contig_19732_1,105,0.0,1.0,0.0,0.0,0.0,0.0,0.0,1.0
contig_19732_1,111,0.0,0.0,1.0,0.0,0.0,0.0,0.028,0.972
contig_19732_1,114,0.0,1.0,0.0,0.0,0.0,0.0,0.0,1.0
contig_19732_1,120,0.0,1.0,0.0,0.0,0.0,0.0,0.0,1.0
contig_19732_1,123,0.0,0.0,0.0,1.0,0.0,0.984,0.0,0.016
contig_19732_1,129,0.0,1.0,0.0,0.0,1.0,0.0,0.0,0.0
contig_19732_1,147,0.0,0.0,0.0,1.0,0.0,0.084,0.0,0.916
contig_19732_1,153,1.0,0.0,0.0,0.0,0.0,1.0,0.0,0.0
contig_19732_1,162,0.0,1.0,0.0,0.0,0.0,0.0,0.0,1.0
contig_19732_1,171,0.0,0.0,1.0,0.0,1.0,0.0,0.0,0.0
contig_19732_1,172,0.0,0.0,1.0,0.0,0.0,0.0,1.0,0.0
contig_19732_1,177,1.0,0.0,0.0,0.0,0.0,0.0,1.0,0.0
contig_19732_1,180,0.0,1.0,0.0,0.0,0.0,0.0,0.0,1.0
contig_19732_1,183,0.0,0.0,0.0,1.0,0.0,0.956,0.0,0.044
contig_19732_1,186,0.0,1.0,0.0,0.0,0.0,0.012,0.0,0.988
contig_19732_1,195,0.0,0.0,1.0,0.0,0.0,0.0,0.0,1.0
contig_19732_1,204,0.0,0.0,1.0,0.0,0.0,1.0,0.0,0.0
contig_19732_1,210,0.0,0.0,1.0,0.0,1.0,0.0,0.0,0.0
contig_19732_1,213,0.0,1.0,0.0,0.0,0.0,0.0,0.0,1.0
contig_19732_1,217,0.0,1.0,0.0,0.0,0.0,0.0,0.0,1.0
contig_19732_1,222,0.0,1.0,0.0,0.0,0.0,1.0,0.0,0.0
contig_19732_1,225,1.0,0.0,0.0,0.0,0.0,0.0,1.0,0.0
contig_19732_1,228,0.0,0.0,0.0,1.0,0.0,1.0,0.0,0.0
contig_19732_1,231,0.0,0.0,0.0,1.0,1.0,0.0,0.0,0.0
contig_19732_1,234,0.0,0.0,1.0,0.0,0.0,0.0,0.0,1.0
contig_19732_1,237,0.0,0.0,0.0,1.0,0.0,0.0,0.0,1.0
contig_19732_1,240,0.0,1.0,0.0,0.0,0.0,1.0,0.0,0.0
contig_19732_1,243,0.0,1.0,0.0,0.0,0.0,1.0,0.0,0.0
contig_19732_1,249,0.0,1.0,0.0,0.0,0.0,1.0,0.0,0.0
contig_19732_1,255,0.0,0.0,1.0,0.0,1.0,0.0,0.0,0.0
contig_19732_1,261,1.0,0.0,0.0,0.0,1.0,0.0,0.0,0.0
contig_19732_1,264,0.0,1.0,0.0,0.0,0.0,1.0,0.0,0.0
contig_19732_1,267,0.0,0.0,0.0,1.0,0.0,0.0,0.0,1.0
contig_19732_1,270,0.0,1.0,0.0,0.0,0.0,0.0,0.0,1.0
contig_19732_1,279,1.0,0.0,0.0,0.0,0.036,0.0,0.964,0.0
contig_19732_1,285,0.0,1.0,0.0,0.0,0.0,0.0,1.0,0.0
contig_19732_1,290,0.0,0.0,1.0,0.0,0.0,1.0,0.0,0.0
contig_19732_1,297,1.0,0.0,0.0,0.0,0.008,0.0,0.992,0.0
contig_19907_2,15,1.0,0.0,0.0,0.0,0.98,0.0,0.02,0.0
contig_19907_2,19,0.0,0.0,0.0,1.0,0.0,0.032,0.0,0.968
contig_19907_2,25,0.0,0.0,1.0,0.0,1.0,0.0,0.0,0.0
contig_19907_2,31,1.0,0.0,0.0,0.0,0.0,0.0,1.0,0.0
contig_19907_2,52,0.0,1.0,0.0,0.0,0.0,0.0,1.0,0.0
contig_19907_2,97,0.0,0.0,1.0,0.0,1.0,0.0,0.0,0.0
contig_19907_2,132,0.0,1.0,0.0,0.0,0.0,1.0,0.0,0.0
contig_19907_2,136,0.0,0.0,1.0,0.0,0.0,0.0,1.0,0.0
contig_19907_2,154,0.0,1.0,0.0,0.0,0.0,1.0,0.0,0.0
contig_19907_2,160,1.0,0.0,0.0,0.0,1.0,0.0,0.0,0.0
contig_19907_2,163,0.0,1.0,0.0,0.0,0.0,1.0,0.0,0.0
contig_19907_2,166,0.0,0.0,1.0,0.0,1.0,0.0,0.0,0.0
contig_19907_2,169,0.0,0.0,1.0,0.0,0.0,0.0,1.0,0.0
contig_19907_2,172,0.0,0.0,1.0,0.0,1.0,0.0,0.0,0.0
contig_19907_2,178,0.0,0.0,1.0,0.0,0.0,0.02,0.98,0.0
contig_19907_2,193,1.0,0.0,0.0,0.0,0.0,1.0,0.0,0.0
contig_19907_2,199,0.0,0.0,0.0,1.0,0.0,0.0,0.0,1.0
contig_19907_2,205,0.0,1.0,0.0,0.0,0.204,0.796,0.0,0.0
contig_19907_2,214,0.0,0.0,0.0,1.0,0.0,0.996,0.0,0.004
contig_19907_2,217,0.0,0.0,1.0,0.0,0.0,1.0,0.0,0.0
contig_19907_2,235,1.0,0.0,0.0,0.0,0.0,0.0,1.0,0.0
contig_19907_2,247,0.0,0.0,0.0,1.0,0.0,1.0,0.0,0.0
contig_19907_2,295,0.0,0.0,0.0,1.0,1.0,0.0,0.0,0.0
contig_19907_2,304,0.0,0.0,1.0,0.0,1.0,0.0,0.0,0.0
contig_19907_2,307,0.0,1.0,0.0,0.0,1.0,0.0,0.0,0.0
contig_19907_2,309,1.0,0.0,0.0,0.0,0.0,0.0,1.0,0.0
contig_19907_2,316,1.0,0.0,0.0,0.0,0.0,1.0,0.0,0.0
contig_19907_2,322,0.0,0.0,1.0,0.0,0.0,1.0,0.0,0.0
contig_19907_2,325,1.0,0.0,0.0,0.0,0.0,0.0,0.0,1.0
contig_19907_2,328,0.0,0.0,1.0,0.0,1.0,0.0,0.0,0.0
contig_19907_2,331,0.0,1.0,0.0,0.0,0.0,0.0,1.0,0.0
contig_19907_2,334,0.0,0.0,1.0,0.0,0.0,1.0,0.0,0.0
contig_19907_2,343,0.0,0.0,1.0,0.0,1.0,0.0,0.0,0.0
contig_19907_2,346,1.0,0.0,0.0,0.0,0.0,1.0,0.0,0.0
contig_19907_2,349,0.0,0.0,1.0,0.0,0.0,1.0,0.0,0.0
contig_19907_2,352,0.0,0.0,0.0,1.0,0.368,0.0,0.632,0.0
contig_19907_2,355,0.0,0.0,1.0,0.0,1.0,0.0,0.0,0.0
contig_19907_2,361,0.0,1.0,0.0,0.0,0.0,0.016,0.984,0.0
contig_19907_2,364,1.0,0.0,0.0,0.0,1.0,0.0,0.0,0.0
contig_19907_2,370,0.0,1.0,0.0,0.0,0.0,1.0,0.0,0.0
contig_19907_2,379,0.0,0.0,1.0,0.0,0.0,0.0,1.0,0.0
contig_19907_2,382,0.0,0.0,1.0,0.0,0.992,0.0,0.008,0.0
contig_19907_2,385,0.0,0.0,0.0,1.0,0.0,1.0,0.0,0.0
contig_19907_2,390,0.0,1.0,0.0,0.0,0.0,0.004,0.0,0.996
contig_19907_2,397,0.0,0.0,1.0,0.0,0.82,0.0,0.18,0.0
contig_19907_2,402,1.0,0.0,0.0,0.0,0.0,0.0,1.0,0.0
contig_19907_2,403,0.0,0.0,1.0,0.0,1.0,0.0,0.0,0.0
contig_19907_2,412,0.0,0.0,1.0,0.0,0.996,0.0,0.004,0.0
contig_19907_2,415,0.0,1.0,0.0,0.0,0.0,0.0,1.0,0.0
contig_19907_2,454,0.0,1.0,0.0,0.0,0.0,0.0,0.0,1.0
contig_19907_2,463,0.0,0.0,0.0,1.0,0.0,0.0,1.0,0.0
contig_19907_2,466,1.0,0.0,0.0,0.0,1.0,0.0,0.0,0.0
contig_19907_2,472,0.0,1.0,0.0,0.0,1.0,0.0,0.0,0.0
contig_19907_2,475,0.0,1.0,0.0,0.0,0.0,1.0,0.0,0.0
contig_19907_2,484,1.0,0.0,0.0,0.0,0.0,0.0,1.0,0.0
contig_19907_2,487,0.0,0.0,0.0,1.0,0.0,1.0,0.0,0.0
contig_19907_2,490,1.0,0.0,0.0,0.0,0.796,0.0,0.0,0.204
contig_19907_2,493,0.0,0.0,1.0,0.0,1.0,0.0,0.0,0.0
contig_19907_2,496,0.0,0.0,0.0,1.0,0.0,0.0,1.0,0.0
contig_19907_2,502,0.0,0.0,1.0,0.0,0.0,0.0,0.004,0.996
contig_19907_2,511,0.0,0.0,1.0,0.0,0.976,0.0,0.024,0.0
contig_19907_2,514,1.0,0.0,0.0,0.0,0.0,0.0,1.0,0.0
contig_19907_2,520,0.0,0.0,1.0,0.0,1.0,0.0,0.0,0.0
contig_19907_2,526,0.0,1.0,0.0,0.0,0.0,0.0,1.0,0.0
contig_19907_2,541,0.0,1.0,0.0,0.0,0.0,1.0,0.0,0.0
contig_19907_2,547,0.0,0.0,1.0,0.0,0.0,0.0,1.0,0.0
contig_19907_2,562,0.0,1.0,0.0,0.0,0.0,0.0,1.0,0.0
contig_19907_2,565,0.0,0.0,1.0,0.0,0.232,0.0,0.768,0.0
contig_19907_2,568,0.0,1.0,0.0,0.0,0.96,0.04,0.0,0.0
contig_19907_2,577,0.0,0.0,1.0,0.0,0.0,0.624,0.356,0.02
contig_19907_2,580,0.0,1.0,0.0,0.0,0.0,0.072,0.0,0.928
contig_19907_2,586,0.0,0.0,1.0,0.0,1.0,0.0,0.0,0.0
contig_19907_2,595,1.0,0.0,0.0,0.0,0.0,0.0,1.0,0.0
contig_19907_2,601,1.0,0.0,0.0,0.0,0.0,0.0,1.0,0.0
contig_19907_2,613,1.0,0.0,0.0,0.0,1.0,0.0,0.0,0.0
contig_19907_2,655,1.0,0.0,0.0,0.0,0.0,1.0,0.0,0.0
contig_19907_2,667,1.0,0.0,0.0,0.0,0.0,1.0,0.0,0.0
contig_19907_3,58,0.0,0.0,0.0,1.0,0.528,0.02,0.012,0.44
contig_19907_3,84,0.0,0.0,0.0,1.0,0.784,0.0,0.028,0.188
contig_19907_3,106,0.0,0.0,1.0,0.0,0.056,0.0,0.944,0.0
contig_19907_3,115,0.0,1.0,0.0,0.0,0.008,0.088,0.836,0.068
contig_19907_3,118,0.0,1.0,0.0,0.0,0.0,0.948,0.0,0.052
contig_19907_3,133,0.0,0.0,0.0,1.0,0.0,0.0,0.0,1.0
contig_19907_3,142,0.0,0.0,0.0,1.0,0.0,1.0,0.0,0.0
contig_19907_3,158,0.0,1.0,0.0,0.0,0.0,0.008,0.0,0.992
contig_19907_3,190,0.0,0.0,0.0,1.0,0.0,1.0,0.0,0.0
contig_19907_3,202,0.0,0.0,1.0,0.0,0.0,0.112,0.008,0.88
contig_19907_3,204,0.0,1.0,0.0,0.0,0.0,0.0,0.0,1.0
contig_19907_3,211,0.0,0.0,1.0,0.0,1.0,0.0,0.0,0.0
contig_19907_3,220,1.0,0.0,0.0,0.0,0.0,0.0,1.0,0.0
contig_19907_3,223,0.0,0.0,1.0,0.0,1.0,0.0,0.0,0.0
contig_19907_3,244,0.0,0.0,1.0,0.0,0.0,0.0,1.0,0.0
contig_19907_3,245,0.0,0.0,1.0,0.0,0.0,0.0,1.0,0.0
contig_19907_3,246,0.0,1.0,0.0,0.0,0.0,1.0,0.0,0.0
contig_19907_3,247,1.0,0.0,0.0,0.0,1.0,0.0,0.0,0.0
contig_19907_3,250,0.0,1.0,0.0,0.0,1.0,0.0,0.0,0.0
contig_19907_3,251,0.0,0.0,1.0,0.0,0.0,0.0,1.0,0.0
contig_19907_3,253,0.0,1.0,0.0,0.0,0.0,0.0,1.0,0.0
contig_19907_3,256,0.0,0.0,1.0,0.0,1.0,0.0,0.0,0.0
contig_19907_3,259,0.0,0.0,1.0,0.0,0.0,0.0,1.0,0.0
contig_19907_3,265,1.0,0.0,0.0,0.0,1.0,0.0,0.0,0.0
contig_19907_3,271,0.0,0.0,1.0,0.0,1.0,0.0,0.0,0.0
contig_19907_3,276,1.0,0.0,0.0,0.0,0.0,0.0,1.0,0.0
contig_19907_3,280,0.0,0.0,1.0,0.0,0.0,0.0,0.0,1.0
contig_19907_3,286,0.0,0.0,1.0,0.0,1.0,0.0,0.0,0.0
contig_19907_3,289,1.0,0.0,0.0,0.0,1.0,0.0,0.0,0.0
contig_19907_3,301,0.0,0.0,1.0,0.0,0.0,0.0,1.0,0.0
contig_19907_3,316,1.0,0.0,0.0,0.0,0.984,0.0,0.016,0.0
contig_19907_3,322,0.0,0.0,0.0,1.0,0.0,0.768,0.0,0.232
contig_19907_3,336,0.0,0.0,1.0,0.0,0.0,1.0,0.0,0.0
contig_19907_3,337,0.0,0.0,1.0,0.0,0.092,0.0,0.908,0.0
contig_19907_3,341,0.0,1.0,0.0,0.0,0.0,0.0,0.0,1.0
contig_19907_3,349,0.0,0.0,1.0,0.0,0.0,0.02,0.38,0.6
contig_19907_3,355,0.0,1.0,0.0,0.0,0.0,0.984,0.0,0.016
contig_19907_3,361,0.0,0.0,0.0,1.0,0.636,0.0,0.264,0.1
contig_19907_3,412,0.0,0.0,1.0,0.0,0.984,0.0,0.016,0.0
contig_19583_8,0,0.0,1.0,0.0,0.0,0.0,0.936,0.0,0.064
contig_19583_8,7,0.0,0.0,1.0,0.0,0.0,0.98,0.02,0.0
contig_19583_8,22,0.0,0.0,1.0,0.0,1.0,0.0,0.0,0.0
contig_19583_8,25,1.0,0.0,0.0,0.0,0.0,0.0,1.0,0.0
contig_19583_8,48,1.0,0.0,0.0,0.0,0.92,0.0,0.08,0.0
contig_19583_8,73,0.0,0.0,1.0,0.0,0.008,0.0,0.992,0.0
contig_19583_8,81,0.0,0.0,1.0,0.0,0.0,0.0,0.0,1.0
contig_19583_8,85,0.0,0.0,0.0,1.0,0.0,1.0,0.0,0.0
contig_19583_8,88,0.0,0.0,0.0,1.0,0.0,1.0,0.0,0.0
contig_19583_8,98,0.0,0.0,0.0,1.0,0.0,0.184,0.032,0.784
contig_19583_8,99,0.0,1.0,0.0,0.0,0.0,0.004,0.0,0.996
contig_19583_8,106,0.0,1.0,0.0,0.0,0.0,0.0,0.0,1.0
contig_19583_8,109,0.0,0.0,1.0,0.0,0.0,0.956,0.044,0.0
contig_19583_8,110,0.0,0.0,1.0,0.0,0.0,0.996,0.0,0.004
contig_19583_8,118,1.0,0.0,0.0,0.0,0.0,0.0,0.0,1.0
contig_19583_8,126,1.0,0.0,0.0,0.0,0.096,0.0,0.0,0.904
contig_19583_8,127,0.0,0.0,1.0,0.0,0.0,1.0,0.0,0.0
contig_19583_8,133,0.0,0.0,1.0,0.0,0.0,0.0,1.0,0.0
contig_19583_8,136,0.0,0.0,0.0,1.0,0.0,0.0,1.0,0.0
contig_19583_8,145,0.0,1.0,0.0,0.0,0.0,0.996,0.0,0.004
contig_19583_8,148,1.0,0.0,0.0,0.0,0.988,0.012,0.0,0.0
contig_19583_8,151,1.0,0.0,0.0,0.0,0.0,1.0,0.0,0.0
contig_19583_8,154,0.0,0.0,1.0,0.0,0.768,0.232,0.0,0.0
contig_19583_8,157,0.0,1.0,0.0,0.0,0.0,0.0,1.0,0.0
contig_19583_8,160,1.0,0.0,0.0,0.0,0.0,0.0,0.0,1.0
contig_19583_8,161,0.0,0.0,1.0,0.0,0.956,0.0,0.044,0.0
contig_19583_8,162,0.0,1.0,0.0,0.0,0.0,0.0,1.0,0.0
contig_19583_8,163,0.0,0.0,1.0,0.0,0.988,0.0,0.012,0.0
contig_19583_8,166,0.0,0.0,1.0,0.0,0.512,0.0,0.488,0.0
contig_19583_8,169,0.0,0.0,1.0,0.0,1.0,0.0,0.0,0.0
contig_19583_8,187,0.0,1.0,0.0,0.0,0.0,0.992,0.0,0.008
contig_19583_8,196,1.0,0.0,0.0,0.0,1.0,0.0,0.0,0.0
contig_19583_8,202,0.0,0.0,1.0,0.0,0.0,0.0,1.0,0.0
contig_19583_8,204,0.0,0.0,1.0,0.0,0.0,0.0,1.0,0.0
contig_19583_8,244,0.0,0.0,0.0,1.0,0.0,0.996,0.0,0.004
contig_19583_8,251,0.0,0.0,0.0,1.0,0.0,0.996,0.0,0.004
contig_19583_8,256,0.0,0.0,0.0,1.0,0.0,0.0,1.0,0.0
contig_19583_8,265,0.0,0.0,1.0,0.0,0.0,1.0,0.0,0.0
contig_19583_8,268,1.0,0.0,0.0,0.0,0.0,1.0,0.0,0.0
contig_19583_8,270,0.0,0.0,1.0,0.0,0.0,0.0,0.008,0.992
contig_19583_8,274,0.0,0.0,1.0,0.0,0.0,0.52,0.48,0.0
contig_19583_8,280,0.0,1.0,0.0,0.0,1.0,0.0,0.0,0.0
contig_19583_8,282,0.0,1.0,0.0,0.0,0.0,0.292,0.0,0.708
contig_19583_8,286,0.0,0.0,1.0,0.0,0.1,0.0,0.9,0.0
contig_19583_8,303,1.0,0.0,0.0,0.0,0.004,0.0,0.0,0.996
contig_19583_8,315,1.0,0.0,0.0,0.0,0.0,0.0,1.0,0.0
contig_19583_8,316,0.0,1.0,0.0,0.0,0.0,0.0,0.0,1.0
contig_19583_8,337,0.0,0.0,1.0,0.0,0.028,0.0,0.972,0.0
contig_19583_8,340,1.0,0.0,0.0,0.0,0.8,0.0,0.2,0.0
contig_19583_8,349,0.0,1.0,0.0,0.0,0.0,0.004,0.0,0.996
contig_19583_8,361,0.0,1.0,0.0,0.0,0.0,0.0,1.0,0.0
contig_19583_8,363,1.0,0.0,0.0,0.0,0.0,0.0,0.0,1.0
contig_19583_8,369,0.0,1.0,0.0,0.0,1.0,0.0,0.0,0.0
contig_19583_8,394,0.0,1.0,0.0,0.0,0.0,1.0,0.0,0.0
contig_19583_8,400,0.0,0.0,0.0,1.0,0.0,0.0,0.392,0.608
contig_19583_8,420,0.0,0.0,0.0,1.0,0.0,0.0,0.992,0.008
contig_19583_8,423,0.0,0.0,1.0,0.0,0.0,0.0,0.004,0.996
contig_19583_8,430,0.0,0.0,1.0,0.0,0.0,0.0,1.0,0.0
contig_19583_8,435,0.0,0.0,1.0,0.0,0.0,0.996,0.004,0.0
contig_19583_8,439,0.0,0.0,1.0,0.0,0.928,0.0,0.072,0.0
contig_19583_8,445,0.0,0.0,1.0,0.0,1.0,0.0,0.0,0.0
contig_19583_8,457,0.0,0.0,0.0,1.0,0.0,1.0,0.0,0.0
contig_19583_8,460,0.0,1.0,0.0,0.0,0.0,1.0,0.0,0.0
contig_19583_8,463,0.0,0.0,1.0,0.0,0.0,0.0,1.0,0.0
contig_19583_8,469,0.0,0.0,1.0,0.0,0.06,0.008,0.932,0.0
contig_19583_8,472,0.0,0.0,1.0,0.0,0.0,1.0,0.0,0.0
contig_19583_8,474,0.0,1.0,0.0,0.0,0.208,0.792,0.0,0.0
contig_19583_8,481,1.0,0.0,0.0,0.0,0.0,0.0,1.0,0.0
contig_19583_8,492,1.0,0.0,0.0,0.0,0.256,0.0,0.744,0.0
contig_19583_8,493,1.0,0.0,0.0,0.0,0.0,0.0,1.0,0.0
contig_19583_8,499,0.0,0.0,1.0,0.0,0.0,1.0,0.0,0.0
contig_19583_8,502,0.0,0.0,1.0,0.0,0.148,0.72,0.132,0.0
contig_19583_8,505,1.0,0.0,0.0,0.0,0.0,0.0,1.0,0.0
contig_19583_8,508,0.0,0.0,1.0,0.0,0.0,1.0,0.0,0.0
contig_19583_8,512,0.0,0.0,0.0,1.0,1.0,0.0,0.0,0.0
contig_19583_8,513,0.0,0.0,1.0,0.0,0.0,1.0,0.0,0.0
contig_19583_8,514,0.0,0.0,1.0,0.0,0.016,0.0,0.984,0.0
contig_19583_8,517,1.0,0.0,0.0,0.0,0.004,0.0,0.996,0.0
contig_19583_8,520,1.0,0.0,0.0,0.0,0.752,0.0,0.248,0.0
contig_19583_8,523,0.0,1.0,0.0,0.0,0.6,0.016,0.384,0.0
contig_19583_8,526,0.0,1.0,0.0,0.0,0.0,0.08,0.0,0.92
contig_19583_8,529,0.0,1.0,0.0,0.0,0.0,0.688,0.312,0.0
contig_19583_8,532,1.0,0.0,0.0,0.0,0.0,0.0,1.0,0.0
contig_19583_8,535,1.0,0.0,0.0,0.0,0.024,0.0,0.976,0.0
contig_19583_8,538,0.0,0.0,0.0,1.0,0.0,0.0,0.0,1.0
contig_19583_8,556,0.0,0.0,1.0,0.0,0.0,0.0,1.0,0.0
contig_19583_8,562,0.0,0.0,0.0,1.0,0.0,1.0,0.0,0.0
contig_19583_8,565,0.0,0.0,1.0,0.0,0.996,0.0,0.004,0.0
contig_19583_8,568,0.0,0.0,1.0,0.0,0.0,1.0,0.0,0.0
contig_19583_8,571,0.0,1.0,0.0,0.0,0.0,0.0,0.0,1.0
contig_19583_8,574,0.0,0.0,1.0,0.0,0.0,0.0,1.0,0.0
contig_19583_8,577,0.0,0.0,1.0,0.0,0.0,0.0,1.0,0.0
contig_19583_8,582,0.0,0.0,0.0,1.0,0.0,0.0,0.0,1.0
contig_19583_8,583,0.0,1.0,0.0,0.0,0.0,1.0,0.0,0.0
contig_19583_8,586,0.0,0.0,1.0,0.0,0.0,0.0,1.0,0.0
contig_19583_8,592,0.0,1.0,0.0,0.0,0.0,0.98,0.02,0.0
contig_19583_8,597,1.0,0.0,0.0,0.0,0.908,0.0,0.092,0.0
contig_19583_8,598,1.0,0.0,0.0,0.0,0.948,0.0,0.052,0.0
contig_19583_8,601,0.0,1.0,0.0,0.0,0.0,1.0,0.0,0.0
contig_19583_8,615,0.0,1.0,0.0,0.0,0.0,1.0,0.0,0.0
contig_19583_8,622,0.0,0.0,1.0,0.0,0.0,0.0,1.0,0.0
contig_19583_8,625,0.0,0.0,1.0,0.0,0.0,0.0,0.916,0.084
contig_19583_8,628,0.0,0.0,0.0,1.0,0.0,0.24,0.0,0.76
contig_19583_8,637,0.0,1.0,0.0,0.0,0.016,0.984,0.0,0.0
contig_19583_8,657,0.0,0.0,1.0,0.0,1.0,0.0,0.0,0.0
contig_19583_8,658,0.0,0.0,1.0,0.0,0.0,1.0,0.0,0.0
contig_19583_8,661,0.0,1.0,0.0,0.0,0.0,0.0,0.0,1.0
contig_19583_8,686,1.0,0.0,0.0,0.0,0.648,0.0,0.352,0.0
contig_19583_8,687,0.0,1.0,0.0,0.0,0.0,0.704,0.0,0.296
contig_19583_8,691,1.0,0.0,0.0,0.0,0.992,0.0,0.008,0.0
contig_19583_8,694,0.0,1.0,0.0,0.0,0.0,0.004,0.0,0.996
contig_19583_8,697,0.0,0.0,1.0,0.0,1.0,0.0,0.0,0.0
contig_19583_8,709,1.0,0.0,0.0,0.0,0.616,0.0,0.384,0.0
contig_19583_8,723,1.0,0.0,0.0,0.0,0.0,0.0,1.0,0.0
contig_19583_8,727,0.0,1.0,0.0,0.0,0.0,1.0,0.0,0.0
contig_19583_8,730,0.0,0.0,1.0,0.0,0.0,0.868,0.132,0.0
contig_19583_8,741,1.0,0.0,0.0,0.0,0.0,0.0,1.0,0.0
contig_19583_8,745,0.0,0.0,0.0,1.0,0.0,0.596,0.0,0.404
contig_19583_8,751,0.0,1.0,0.0,0.0,0.0,0.0,1.0,0.0
contig_19583_8,753,0.0,0.0,1.0,0.0,0.0,0.0,0.364,0.636
contig_19583_8,754,0.0,0.0,0.0,1.0,0.0,0.0,0.0,1.0
contig_19583_8,778,0.0,0.0,0.0,1.0,0.0,1.0,0.0,0.0
contig_19583_8,784,0.0,0.0,1.0,0.0,1.0,0.0,0.0,0.0
contig_19583_8,787,0.0,0.0,1.0,0.0,0.0,0.972,0.028,0.0
contig_19583_8,793,0.0,0.0,1.0,0.0,0.016,0.0,0.984,0.0
contig_19583_8,796,0.0,0.0,1.0,0.0,0.056,0.0,0.944,0.0
contig_19583_8,802,0.0,1.0,0.0,0.0,0.0,0.0,1.0,0.0
contig_19583_8,811,0.0,0.0,1.0,0.0,0.0,1.0,0.0,0.0
contig_19583_8,871,0.0,0.0,0.0,1.0,1.0,0.0,0.0,0.0
contig_19583_8,901,0.0,1.0,0.0,0.0,0.0,0.032,0.0,0.968
contig_19583_8,906,0.0,1.0,0.0,0.0,0.0,0.0,0.0,1.0
contig_19583_8,946,0.0,1.0,0.0,0.0,1.0,0.0,0.0,0.0
contig_19583_8,949,0.0,1.0,0.0,0.0,0.0,0.912,0.088,0.0
contig_19583_8,954,0.0,0.0,1.0,0.0,0.0,0.0,0.0,1.0
contig_19583_8,955,1.0,0.0,0.0,0.0,0.0,0.0,1.0,0.0
contig_19583_8,965,0.0,0.0,1.0,0.0,0.0,0.992,0.008,0.0
contig_19583_8,967,0.0,1.0,0.0,0.0,0.268,0.144,0.0,0.588
contig_19583_8,970,1.0,0.0,0.0,0.0,0.0,1.0,0.0,0.0
contig_19583_8,976,0.0,0.0,1.0,0.0,0.0,1.0,0.0,0.0
contig_19583_8,999,1.0,0.0,0.0,0.0,1.0,0.0,0.0,0.0
contig_19583_8,1018,0.0,1.0,0.0,0.0,0.0,0.024,0.0,0.976
contig_19583_8,1024,0.0,1.0,0.0,0.0,0.0,0.0,1.0,0.0
contig_19583_8,1027,0.0,0.0,1.0,0.0,0.0,0.0,0.0,1.0
contig_19583_8,1033,0.0,0.0,1.0,0.0,0.0,0.0,0.016,0.984
contig_19583_8,1039,0.0,0.0,1.0,0.0,1.0,0.0,0.0,0.0
contig_19583_8,1042,1.0,0.0,0.0,0.0,0.0,0.364,0.0,0.636
contig_19583_8,1045,0.0,0.0,1.0,0.0,0.0,1.0,0.0,0.0
contig_19583_8,1051,0.0,1.0,0.0,0.0,0.0,0.0,0.0,1.0
contig_19583_8,1054,0.0,0.0,1.0,0.0,1.0,0.0,0.0,0.0
contig_19583_8,1057,0.0,1.0,0.0,0.0,0.0,0.0,0.0,1.0
contig_19583_8,1066,1.0,0.0,0.0,0.0,0.0,0.0,1.0,0.0
contig_19583_8,1072,0.0,1.0,0.0,0.0,0.0,0.0,1.0,0.0
contig_19583_8,1075,0.0,1.0,0.0,0.0,1.0,0.0,0.0,0.0
contig_19583_8,1078,0.0,0.0,0.0,1.0,0.0,0.0,1.0,0.0
contig_19583_8,1087,0.0,1.0,0.0,0.0,0.0,0.0,1.0,0.0
contig_19583_8,1099,1.0,0.0,0.0,0.0,0.004,0.0,0.996,0.0
contig_19583_8,1103,0.0,0.0,1.0,0.0,0.0,1.0,0.0,0.0
contig_19583_8,1104,0.0,1.0,0.0,0.0,0.0,0.0,0.0,1.0
contig_19583_8,1105,0.0,1.0,0.0,0.0,0.0,0.0,1.0,0.0
contig_19583_8,1108,0.0,0.0,1.0,0.0,0.0,0.0,0.0,1.0
contig_19583_8,1111,0.0,1.0,0.0,0.0,0.0,0.0,0.0,1.0
contig_19583_8,1114,0.0,0.0,1.0,0.0,0.0,0.0,1.0,0.0
contig_19583_8,1125,0.0,1.0,0.0,0.0,1.0,0.0,0.0,0.0
contig_19583_8,1126,0.0,0.0,1.0,0.0,0.0,0.0,0.0,1.0
contig_19583_8,1138,0.0,0.0,1.0,0.0,0.0,0.688,0.312,0.0
contig_19583_8,1141,0.0,1.0,0.0,0.0,0.0,0.572,0.428,0.0
contig_19583_8,1144,0.0,1.0,0.0,0.0,0.0,0.0,1.0,0.0
contig_19583_8,1146,0.0,0.0,1.0,0.0,0.0,0.004,0.0,0.996
contig_19583_8,1150,0.0,0.0,1.0,0.0,0.0,0.992,0.008,0.0
contig_19583_8,1155,1.0,0.0,0.0,0.0,1.0,0.0,0.0,0.0
contig_19583_8,1168,0.0,0.0,0.0,1.0,0.0,1.0,0.0,0.0
contig_19583_8,1169,0.0,0.0,1.0,0.0,0.0,0.0,0.036,0.964
contig_19583_8,1182,0.0,1.0,0.0,0.0,0.0,0.44,0.556,0.004
contig_19583_8,1192,0.0,0.0,1.0,0.0,0.0,0.18,0.82,0.0
contig_19583_8,1210,1.0,0.0,0.0,0.0,0.308,0.0,0.692,0.0
contig_19583_8,1213,0.0,0.0,1.0,0.0,0.0,0.952,0.048,0.0
contig_19583_8,1231,0.0,1.0,0.0,0.0,1.0,0.0,0.0,0.0
contig_19583_8,1243,0.0,1.0,0.0,0.0,0.0,0.688,0.312,0.0
contig_19583_8,1249,1.0,0.0,0.0,0.0,0.96,0.0,0.04,0.0
contig_19583_8,1284,1.0,0.0,0.0,0.0,0.992,0.0,0.008,0.0
contig_19583_8,1291,0.0,0.0,1.0,0.0,0.996,0.0,0.004,0.0
contig_19583_8,1293,0.0,1.0,0.0,0.0,0.6,0.396,0.0,0.004
contig_19583_8,1294,0.0,0.0,1.0,0.0,0.0,1.0,0.0,0.0
contig_19583_8,1300,0.0,0.0,1.0,0.0,0.652,0.004,0.344,0.0
contig_19583_8,1302,1.0,0.0,0.0,0.0,0.0,1.0,0.0,0.0
contig_19583_8,1315,0.0,0.0,1.0,0.0,0.0,0.0,1.0,0.0
contig_19583_8,1360,1.0,0.0,0.0,0.0,0.0,0.0,0.0,1.0
contig_19583_8,1367,0.0,0.0,1.0,0.0,0.0,0.0,0.9,0.1
contig_19583_8,1369,0.0,0.0,1.0,0.0,0.044,0.004,0.952,0.0
contig_19580_2,30,1.0,0.0,0.0,0.0,0.98,0.0,0.02,0.0
contig_19580_2,43,1.0,0.0,0.0,0.0,0.768,0.0,0.232,0.0
contig_19580_2,67,1.0,0.0,0.0,0.0,0.0,0.0,1.0,0.0
contig_19580_2,115,0.0,0.0,1.0,0.0,0.808,0.0,0.192,0.0
contig_19580_2,130,0.0,0.0,1.0,0.0,0.0,0.0,0.0,1.0
contig_19580_2,139,0.0,0.0,0.0,1.0,0.0,0.496,0.0,0.504
contig_19580_2,153,0.0,0.0,0.0,1.0,0.0,0.0,0.164,0.836
contig_19580_2,172,0.0,0.0,1.0,0.0,0.0,0.08,0.92,0.0
contig_19580_2,184,0.0,0.0,0.0,1.0,0.052,0.0,0.0,0.948
contig_19580_2,193,0.0,0.0,0.0,1.0,0.0,0.0,0.0,1.0
contig_19580_2,212,0.0,0.0,0.0,1.0,0.0,1.0,0.0,0.0
contig_19580_2,217,0.0,0.0,1.0,0.0,0.036,0.0,0.964,0.0
contig_19580_2,234,0.0,0.0,0.0,1.0,0.0,0.0,1.0,0.0
contig_19580_2,235,0.0,0.0,1.0,0.0,1.0,0.0,0.0,0.0
contig_19580_2,238,0.0,0.0,0.0,1.0,1.0,0.0,0.0,0.0
contig_19580_2,244,0.0,0.0,0.0,1.0,0.788,0.0,0.0,0.212
contig_19580_2,250,0.0,0.0,1.0,0.0,1.0,0.0,0.0,0.0
contig_19584_11,28,0.0,1.0,0.0,0.0,0.0,1.0,0.0,0.0
contig_19584_11,34,0.0,1.0,0.0,0.0,0.0,0.0,1.0,0.0
contig_19584_11,43,0.0,1.0,0.0,0.0,0.0,0.0,1.0,0.0
contig_19584_11,45,1.0,0.0,0.0,0.0,0.0,0.0,1.0,0.0
contig_19584_11,67,0.0,0.0,0.0,1.0,0.0,1.0,0.0,0.0
contig_19584_11,103,0.0,1.0,0.0,0.0,0.0,0.0,0.0,1.0
contig_19584_11,109,0.0,1.0,0.0,0.0,1.0,0.0,0.0,0.0
contig_19584_11,111,1.0,0.0,0.0,0.0,0.0,0.0,1.0,0.0
contig_19584_11,112,0.0,1.0,0.0,0.0,0.0,0.0,1.0,0.0
contig_19584_11,127,0.0,0.0,1.0,0.0,1.0,0.0,0.0,0.0
contig_19584_11,130,0.0,0.0,0.0,1.0,0.0,1.0,0.0,0.0
contig_19584_11,148,0.0,0.0,1.0,0.0,1.0,0.0,0.0,0.0
contig_19584_11,151,0.0,0.0,1.0,0.0,1.0,0.0,0.0,0.0
contig_19584_11,157,0.0,1.0,0.0,0.0,0.0,0.0,0.0,1.0
contig_19584_11,160,0.0,0.0,1.0,0.0,1.0,0.0,0.0,0.0
contig_19584_11,175,1.0,0.0,0.0,0.0,1.0,0.0,0.0,0.0
contig_19584_11,181,0.0,0.0,1.0,0.0,0.0,0.0,1.0,0.0
contig_19584_11,184,1.0,0.0,0.0,0.0,0.0,1.0,0.0,0.0
contig_19584_11,187,0.0,0.0,0.0,1.0,0.0,1.0,0.0,0.0
contig_19584_11,193,1.0,0.0,0.0,0.0,0.0,1.0,0.0,0.0
contig_19584_11,196,0.0,0.0,1.0,0.0,1.0,0.0,0.0,0.0
contig_19584_11,205,0.0,0.0,1.0,0.0,1.0,0.0,0.0,0.0
contig_19584_11,208,1.0,0.0,0.0,0.0,0.0,1.0,0.0,0.0
contig_19584_11,217,0.0,1.0,0.0,0.0,0.0,0.0,0.0,1.0
contig_19584_11,220,1.0,0.0,0.0,0.0,1.0,0.0,0.0,0.0
contig_19584_11,226,1.0,0.0,0.0,0.0,0.0,0.0,1.0,0.0
contig_19584_11,229,0.0,0.0,1.0,0.0,0.0,0.0,0.0,1.0
contig_19584_11,231,0.0,0.0,1.0,0.0,0.0,0.0,0.004,0.996
contig_19584_11,232,0.0,0.0,0.0,1.0,0.008,0.0,0.992,0.0
contig_19584_11,235,1.0,0.0,0.0,0.0,0.148,0.0,0.852,0.0
contig_19584_11,238,0.0,1.0,0.0,0.0,1.0,0.0,0.0,0.0
contig_19584_11,241,0.0,0.0,0.0,1.0,0.0,1.0,0.0,0.0
contig_19584_11,244,0.0,0.0,1.0,0.0,0.0,1.0,0.0,0.0
contig_19584_11,271,1.0,0.0,0.0,0.0,0.848,0.0,0.152,0.0
contig_19584_11,280,0.0,0.0,0.0,1.0,0.0,0.0,0.0,1.0
contig_19584_11,343,0.0,0.0,1.0,0.0,0.824,0.0,0.176,0.0
contig_19584_11,352,0.0,0.0,1.0,0.0,0.0,0.0,0.276,0.724
contig_19584_11,361,1.0,0.0,0.0,0.0,0.996,0.0,0.004,0.0
contig_19584_11,373,0.0,0.0,1.0,0.0,0.864,0.0,0.136,0.0
contig_19584_11,394,0.0,0.0,0.0,1.0,0.0,0.116,0.0,0.884
contig_19584_12,0,0.0,1.0,0.0,0.0,0.0,0.956,0.044,0.0
contig_19584_12,46,0.0,0.0,1.0,0.0,0.0,1.0,0.0,0.0
contig_19584_12,48,1.0,0.0,0.0,0.0,0.0,0.0,0.0,1.0
contig_19584_12,49,0.0,1.0,0.0,0.0,0.0,0.0,0.0,1.0
contig_19584_12,88,0.0,0.0,1.0,0.0,0.0,0.048,0.952,0.0
contig_19584_12,135,0.0,0.0,0.0,1.0,1.0,0.0,0.0,0.0
contig_19584_12,139,0.0,0.0,0.0,1.0,0.0,0.74,0.0,0.26
contig_19584_12,142,1.0,0.0,0.0,0.0,0.996,0.0,0.004,0.0
contig_19584_12,145,0.0,0.0,0.0,1.0,0.0,0.0,0.984,0.016
contig_19584_12,151,0.0,0.0,0.0,1.0,0.0,0.0,0.976,0.024
contig_19584_12,166,0.0,0.0,1.0,0.0,1.0,0.0,0.0,0.0
contig_19584_12,175,0.0,1.0,0.0,0.0,0.0,0.0,1.0,0.0
contig_19584_12,196,0.0,0.0,0.0,1.0,0.0,1.0,0.0,0.0
contig_19584_12,205,1.0,0.0,0.0,0.0,1.0,0.0,0.0,0.0
contig_19584_12,238,1.0,0.0,0.0,0.0,0.012,0.988,0.0,0.0
contig_19584_12,244,1.0,0.0,0.0,0.0,0.004,0.0,0.0,0.996
contig_19584_12,250,1.0,0.0,0.0,0.0,0.852,0.0,0.148,0.0
contig_19584_12,268,0.0,0.0,1.0,0.0,0.716,0.0,0.284,0.0
contig_19584_12,271,0.0,0.0,1.0,0.0,0.0,0.0,0.0,1.0
contig_19584_12,304,1.0,0.0,0.0,0.0,0.0,1.0,0.0,0.0
contig_19584_12,309,1.0,0.0,0.0,0.0,0.904,0.0,0.096,0.0
contig_19584_12,331,0.0,0.0,1.0,0.0,0.0,0.0,1.0,0.0
contig_19584_12,346,0.0,0.0,0.0,1.0,0.0,0.0,0.0,1.0
contig_19584_12,349,1.0,0.0,0.0,0.0,0.0,0.0,1.0,0.0
contig_19584_12,352,0.0,1.0,0.0,0.0,1.0,0.0,0.0,0.0
contig_19584_12,354,1.0,0.0,0.0,0.0,0.0,0.0,1.0,0.0
contig_19584_12,355,0.0,0.0,1.0,0.0,0.0,0.0,0.0,1.0
contig_19584_12,358,0.0,0.0,1.0,0.0,0.0,0.0,1.0,0.0
contig_19584_12,363,1.0,0.0,0.0,0.0,1.0,0.0,0.0,0.0
contig_19584_12,364,0.0,0.0,0.0,1.0,0.0,0.0,0.0,1.0
contig_19584_12,367,0.0,1.0,0.0,0.0,1.0,0.0,0.0,0.0
contig_19584_12,370,0.0,0.0,1.0,0.0,0.0,0.0,1.0,0.0
contig_19584_12,373,0.0,0.0,1.0,0.0,1.0,0.0,0.0,0.0
contig_19584_12,382,1.0,0.0,0.0,0.0,0.0,0.0,1.0,0.0
contig_19584_12,391,0.0,0.0,1.0,0.0,0.0,0.0,1.0,0.0
contig_19584_12,394,0.0,0.0,1.0,0.0,0.0,0.0,1.0,0.0
contig_19584_12,397,1.0,0.0,0.0,0.0,0.0,1.0,0.0,0.0
contig_19584_12,400,1.0,0.0,0.0,0.0,1.0,0.0,0.0,0.0
contig_19584_12,403,0.0,0.0,0.0,1.0,0.0,0.992,0.0,0.008
contig_19584_12,406,0.0,0.0,1.0,0.0,1.0,0.0,0.0,0.0
contig_19584_12,409,0.0,0.0,1.0,0.0,1.0,0.0,0.0,0.0
contig_19584_12,415,0.0,1.0,0.0,0.0,0.0,0.164,0.836,0.0
contig_19584_12,417,1.0,0.0,0.0,0.0,0.512,0.0,0.488,0.0
contig_19584_12,418,0.0,0.0,1.0,0.0,1.0,0.0,0.0,0.0
contig_19584_12,421,0.0,0.0,1.0,0.0,1.0,0.0,0.0,0.0
contig_19584_12,424,1.0,0.0,0.0,0.0,0.0,0.176,0.824,0.0
contig_19584_12,426,0.0,1.0,0.0,0.0,0.56,0.44,0.0,0.0
contig_19584_12,427,0.0,1.0,0.0,0.0,0.016,0.0,0.984,0.0
contig_19584_12,429,1.0,0.0,0.0,0.0,0.972,0.0,0.0,0.028
contig_19584_12,445,0.0,0.0,0.0,1.0,0.0,0.876,0.0,0.124
contig_19584_12,446,0.0,0.0,0.0,1.0,0.0,0.0,0.0,1.0
contig_19584_12,448,0.0,0.0,1.0,0.0,0.0,0.0,1.0,0.0
contig_19584_12,451,0.0,0.0,1.0,0.0,1.0,0.0,0.0,0.0
contig_19584_12,454,0.0,1.0,0.0,0.0,0.0,1.0,0.0,0.0
contig_19584_12,456,1.0,0.0,0.0,0.0,0.0,0.0,1.0,0.0
contig_19584_12,457,1.0,0.0,0.0,0.0,0.0,0.0,1.0,0.0
contig_19584_12,463,0.0,0.0,1.0,0.0,0.0,0.844,0.156,0.0
contig_19584_12,469,0.0,0.0,0.0,1.0,0.0,0.0,0.0,1.0
contig_19584_12,474,0.0,0.0,0.0,1.0,0.0,0.0,0.0,1.0
contig_19584_12,475,0.0,1.0,0.0,0.0,0.0,0.0,1.0,0.0
contig_19584_12,478,1.0,0.0,0.0,0.0,0.0,0.0,1.0,0.0
contig_19584_12,487,0.0,0.0,1.0,0.0,0.0,0.0,1.0,0.0
contig_19584_12,490,0.0,0.0,1.0,0.0,1.0,0.0,0.0,0.0
contig_19584_12,493,0.0,0.0,1.0,0.0,0.0,0.0,0.0,1.0
contig_19584_12,508,0.0,1.0,0.0,0.0,0.0,0.004,0.0,0.996
contig_19584_12,514,0.0,0.0,1.0,0.0,1.0,0.0,0.0,0.0
contig_19584_12,520,0.0,1.0,0.0,0.0,0.0,1.0,0.0,0.0
contig_19584_12,523,0.0,0.0,1.0,0.0,0.0,0.0,1.0,0.0
contig_19584_12,526,0.0,0.0,1.0,0.0,1.0,0.0,0.0,0.0
contig_19584_12,535,0.0,0.0,1.0,0.0,1.0,0.0,0.0,0.0
contig_19584_12,538,1.0,0.0,0.0,0.0,0.032,0.0,0.968,0.0
contig_19584_12,544,0.0,1.0,0.0,0.0,0.0,1.0,0.0,0.0
contig_19584_12,546,0.0,0.0,1.0,0.0,0.0,0.0,1.0,0.0
contig_19584_12,547,0.0,0.0,1.0,0.0,0.0,0.0,1.0,0.0
contig_19584_12,550,1.0,0.0,0.0,0.0,1.0,0.0,0.0,0.0
contig_19584_12,556,0.0,0.0,0.0,1.0,0.0,1.0,0.0,0.0
contig_19584_12,571,0.0,1.0,0.0,0.0,0.0,1.0,0.0,0.0
contig_19584_12,577,0.0,0.0,1.0,0.0,0.0,0.0,1.0,0.0
contig_19584_12,580,0.0,0.0,1.0,0.0,1.0,0.0,0.0,0.0
contig_19584_12,583,0.0,0.0,1.0,0.0,0.0,0.0,1.0,0.0
contig_19584_12,586,0.0,0.0,1.0,0.0,0.372,0.0,0.0,0.628
contig_19584_12,589,0.0,1.0,0.0,0.0,0.0,1.0,0.0,0.0
contig_19584_12,592,0.0,1.0,0.0,0.0,1.0,0.0,0.0,0.0
contig_19584_12,598,0.0,0.0,1.0,0.0,1.0,0.0,0.0,0.0
contig_19584_12,603,0.0,0.0,1.0,0.0,1.0,0.0,0.0,0.0
contig_19584_12,604,1.0,0.0,0.0,0.0,0.0,0.0,1.0,0.0
contig_19584_12,607,0.0,0.0,0.0,1.0,0.0,1.0,0.0,0.0
contig_19584_12,610,0.0,1.0,0.0,0.0,0.0,1.0,0.0,0.0
contig_19584_12,615,1.0,0.0,0.0,0.0,1.0,0.0,0.0,0.0
contig_19584_12,616,0.0,0.0,1.0,0.0,1.0,0.0,0.0,0.0
contig_19584_12,619,0.0,0.0,1.0,0.0,1.0,0.0,0.0,0.0
contig_19584_12,622,0.0,1.0,0.0,0.0,0.0,0.0,0.0,1.0
contig_19584_12,643,1.0,0.0,0.0,0.0,0.0,0.0,1.0,0.0
contig_19584_12,646,0.0,1.0,0.0,0.0,0.0,0.0,0.0,1.0
contig_19584_12,667,0.0,0.0,0.0,1.0,1.0,0.0,0.0,0.0
contig_19584_12,680,1.0,0.0,0.0,0.0,1.0,0.0,0.0,0.0
contig_19584_12,687,0.0,0.0,0.0,1.0,0.0,0.0,0.0,1.0
contig_19584_12,691,0.0,0.0,1.0,0.0,0.0,0.0,1.0,0.0
contig_19584_12,700,0.0,0.0,0.0,1.0,0.0,0.0,0.0,1.0
contig_19584_12,703,0.0,0.0,1.0,0.0,0.0,0.0,1.0,0.0
contig_19584_12,706,0.0,1.0,0.0,0.0,0.0,0.0,1.0,0.0
contig_19584_12,709,0.0,0.0,0.0,1.0,0.0,0.0,0.0,1.0
contig_19584_12,715,0.0,0.0,1.0,0.0,0.0,0.0,1.0,0.0
contig_19584_12,720,1.0,0.0,0.0,0.0,1.0,0.0,0.0,0.0
contig_19584_12,721,0.0,1.0,0.0,0.0,1.0,0.0,0.0,0.0
contig_19584_12,724,1.0,0.0,0.0,0.0,0.0,0.0,1.0,0.0
contig_19584_12,730,1.0,0.0,0.0,0.0,0.0,1.0,0.0,0.0
contig_19584_12,733,0.0,1.0,0.0,0.0,0.0,0.0,0.0,1.0
contig_19584_12,736,0.0,0.0,0.0,1.0,0.024,0.0,0.976,0.0
contig_19584_12,739,1.0,0.0,0.0,0.0,0.0,0.0,1.0,0.0
contig_19584_12,748,0.0,1.0,0.0,0.0,0.0,0.0,0.0,1.0
contig_19584_12,752,1.0,0.0,0.0,0.0,0.98,0.0,0.02,0.0
contig_19584_12,753,0.0,1.0,0.0,0.0,0.0,0.98,0.0,0.02
contig_19584_12,757,0.0,1.0,0.0,0.0,0.0,0.0,1.0,0.0
contig_19584_12,760,0.0,0.0,1.0,0.0,0.776,0.0,0.224,0.0
contig_19584_12,766,1.0,0.0,0.0,0.0,0.0,0.0,1.0,0.0
contig_19584_12,784,0.0,0.0,1.0,0.0,0.008,0.0,0.992,0.0
contig_19584_12,793,0.0,1.0,0.0,0.0,0.0,0.0,1.0,0.0
contig_19584_12,796,1.0,0.0,0.0,0.0,0.188,0.812,0.0,0.0
contig_19584_12,799,1.0,0.0,0.0,0.0,0.0,0.0,1.0,0.0
contig_19584_12,802,0.0,0.0,1.0,0.0,1.0,0.0,0.0,0.0
contig_19584_12,805,0.0,0.0,1.0,0.0,1.0,0.0,0.0,0.0
contig_19584_12,817,1.0,0.0,0.0,0.0,0.928,0.0,0.072,0.0
contig_19584_12,835,1.0,0.0,0.0,0.0,0.0,0.0,1.0,0.0
contig_19584_12,838,0.0,0.0,1.0,0.0,1.0,0.0,0.0,0.0
contig_19584_12,844,0.0,1.0,0.0,0.0,0.0,0.0,1.0,0.0
contig_19584_12,850,0.0,1.0,0.0,0.0,0.0,0.0,1.0,0.0
contig_19584_12,856,0.0,0.0,1.0,0.0,1.0,0.0,0.0,0.0
contig_19584_12,859,1.0,0.0,0.0,0.0,0.048,0.0,0.952,0.0
contig_19584_12,862,0.0,0.0,1.0,0.0,0.0,0.0,0.0,1.0
contig_19584_12,865,0.0,0.0,1.0,0.0,0.0,0.0,0.0,1.0
contig_19584_12,869,0.0,0.0,0.0,1.0,0.0,0.0,0.0,1.0
contig_19584_14,54,0.0,0.0,1.0,0.0,1.0,0.0,0.0,0.0
contig_19584_14,76,0.0,1.0,0.0,0.0,0.0,0.0,0.0,1.0
contig_19584_14,85,0.0,0.0,0.0,1.0,0.0,0.476,0.0,0.524
contig_19584_14,100,1.0,0.0,0.0,0.0,0.0,1.0,0.0,0.0
contig_19584_14,127,1.0,0.0,0.0,0.0,0.0,0.0,0.0,1.0
contig_19584_14,130,1.0,0.0,0.0,0.0,0.0,0.0,1.0,0.0
contig_19584_14,151,0.0,1.0,0.0,0.0,0.008,0.24,0.0,0.752
contig_19584_14,154,0.0,0.0,0.0,1.0,0.0,0.0,0.984,0.016
contig_19584_14,181,0.0,0.0,1.0,0.0,0.8,0.0,0.2,0.0
contig_19584_14,199,1.0,0.0,0.0,0.0,0.0,0.0,1.0,0.0
contig_19584_14,223,0.0,1.0,0.0,0.0,1.0,0.0,0.0,0.0
contig_19584_14,253,0.0,0.0,1.0,0.0,1.0,0.0,0.0,0.0
contig_19584_14,268,0.0,1.0,0.0,0.0,0.0,0.0,0.0,1.0
contig_19584_14,274,0.0,0.0,0.0,1.0,0.988,0.0,0.004,0.008
contig_19584_16,4,0.0,1.0,0.0,0.0,0.996,0.004,0.0,0.0
contig_19584_16,7,1.0,0.0,0.0,0.0,0.988,0.0,0.012,0.0
contig_19584_16,43,0.0,1.0,0.0,0.0,0.0,1.0,0.0,0.0
contig_19584_16,49,0.0,1.0,0.0,0.0,0.0,0.472,0.528,0.0
contig_19584_16,66,0.0,0.0,0.0,1.0,0.0,0.98,0.0,0.02
contig_19584_16,79,0.0,0.0,1.0,0.0,1.0,0.0,0.0,0.0
contig_19584_16,130,1.0,0.0,0.0,0.0,0.0,1.0,0.0,0.0
contig_19584_16,153,1.0,0.0,0.0,0.0,0.0,1.0,0.0,0.0
contig_19584_16,156,0.0,0.0,0.0,1.0,0.0,0.0,0.996,0.004
contig_19584_16,160,0.0,0.0,0.0,1.0,0.0,0.364,0.0,0.636
contig_19584_16,163,1.0,0.0,0.0,0.0,0.004,0.0,0.996,0.0
contig_19584_16,166,0.0,0.0,1.0,0.0,0.0,0.0,1.0,0.0
contig_19584_16,169,0.0,0.0,0.0,1.0,0.0,1.0,0.0,0.0
contig_19584_16,175,0.0,0.0,1.0,0.0,0.0,0.0,1.0,0.0
contig_19584_16,178,0.0,1.0,0.0,0.0,0.0,0.98,0.0,0.02
contig_19584_16,201,1.0,0.0,0.0,0.0,1.0,0.0,0.0,0.0
contig_19584_16,217,1.0,0.0,0.0,0.0,0.0,0.992,0.0,0.008
contig_19584_16,220,0.0,0.0,1.0,0.0,0.048,0.0,0.952,0.0
contig_19584_16,244,0.0,1.0,0.0,0.0,0.0,0.0,1.0,0.0
contig_19584_16,262,0.0,0.0,1.0,0.0,1.0,0.0,0.0,0.0
contig_19584_16,289,1.0,0.0,0.0,0.0,0.616,0.008,0.376,0.0
contig_19584_17,14,0.0,0.0,0.0,1.0,0.648,0.0,0.0,0.352
contig_19584_17,25,1.0,0.0,0.0,0.0,1.0,0.0,0.0,0.0
contig_19584_17,31,0.0,0.0,1.0,0.0,0.0,0.0,1.0,0.0
contig_19584_17,48,0.0,0.0,1.0,0.0,0.06,0.0,0.94,0.0
contig_19584_17,55,0.0,0.0,0.0,1.0,0.0,0.0,1.0,0.0
contig_19584_17,56,0.0,0.0,0.0,1.0,0.0,0.808,0.0,0.192
contig_19584_17,57,0.0,0.0,0.0,1.0,0.0,0.0,1.0,0.0
contig_19584_17,67,0.0,1.0,0.0,0.0,0.0,0.0,1.0,0.0
contig_19584_17,70,0.0,1.0,0.0,0.0,0.092,0.004,0.0,0.904
contig_19584_17,75,1.0,0.0,0.0,0.0,0.0,1.0,0.0,0.0
contig_19584_17,76,1.0,0.0,0.0,0.0,0.0,0.0,0.0,1.0
contig_19584_17,82,1.0,0.0,0.0,0.0,0.156,0.0,0.844,0.0
contig_19584_17,94,0.0,1.0,0.0,0.0,0.0,0.988,0.0,0.012
contig_19584_17,97,1.0,0.0,0.0,0.0,0.948,0.012,0.04,0.0
contig_19584_17,105,0.0,0.0,1.0,0.0,0.0,0.0,1.0,0.0
contig_19584_17,124,0.0,1.0,0.0,0.0,0.0,0.048,0.008,0.944
contig_19584_17,151,0.0,1.0,0.0,0.0,0.0,0.684,0.0,0.316
contig_19584_17,152,1.0,0.0,0.0,0.0,0.0,0.0,0.0,1.0
contig_19584_17,154,1.0,0.0,0.0,0.0,0.084,0.0,0.916,0.0
contig_19584_17,157,0.0,1.0,0.0,0.0,0.892,0.088,0.02,0.0
contig_19584_17,199,0.0,0.0,1.0,0.0,0.508,0.0,0.492,0.0
contig_19584_17,211,0.0,0.0,0.0,1.0,0.0,0.964,0.0,0.036
contig_19584_17,244,0.0,1.0,0.0,0.0,1.0,0.0,0.0,0.0
contig_19584_17,250,0.0,1.0,0.0,0.0,0.008,0.992,0.0,0.0
contig_19584_17,256,1.0,0.0,0.0,0.0,0.0,0.0,1.0,0.0
contig_19584_17,268,0.0,1.0,0.0,0.0,0.0,0.0,0.0,1.0
contig_19584_17,273,1.0,0.0,0.0,0.0,0.0,0.0,1.0,0.0
contig_19584_17,274,0.0,0.0,0.0,1.0,0.0,1.0,0.0,0.0
contig_19584_17,277,1.0,0.0,0.0,0.0,0.0,0.0,1.0,0.0
contig_19584_17,288,0.0,1.0,0.0,0.0,1.0,0.0,0.0,0.0
contig_19584_17,295,0.0,0.0,1.0,0.0,1.0,0.0,0.0,0.0
contig_19584_17,301,0.0,0.0,1.0,0.0,0.004,0.0,0.996,0.0
contig_19584_17,319,0.0,0.0,1.0,0.0,0.036,0.0,0.964,0.0
contig_19584_17,321,0.0,0.0,0.0,1.0,0.0,0.0,0.0,1.0
contig_19584_17,322,0.0,0.0,0.0,1.0,0.0,0.0,0.0,1.0
contig_19584_17,328,0.0,0.0,1.0,0.0,0.0,1.0,0.0,0.0
contig_19584_17,337,0.0,0.0,0.0,1.0,0.0,1.0,0.0,0.0
contig_19584_17,340,0.0,0.0,0.0,1.0,1.0,0.0,0.0,0.0
contig_19584_17,343,0.0,0.0,0.0,1.0,1.0,0.0,0.0,0.0
contig_19584_17,346,0.0,0.0,1.0,0.0,0.0,1.0,0.0,0.0
contig_19584_17,347,0.0,1.0,0.0,0.0,1.0,0.0,0.0,0.0
contig_19584_17,359,1.0,0.0,0.0,0.0,1.0,0.0,0.0,0.0
contig_19584_17,364,1.0,0.0,0.0,0.0,1.0,0.0,0.0,0.0
contig_19584_17,370,0.0,0.0,1.0,0.0,0.0,1.0,0.0,0.0
contig_19584_17,373,1.0,0.0,0.0,0.0,0.0,0.0,1.0,0.0
contig_19584_17,379,0.0,0.0,0.0,1.0,0.0,1.0,0.0,0.0
contig_19584_17,381,1.0,0.0,0.0,0.0,0.004,0.0,0.996,0.0
contig_19584_17,382,0.0,0.0,1.0,0.0,1.0,0.0,0.0,0.0
contig_19584_17,388,0.0,0.0,0.0,1.0,0.992,0.0,0.008,0.0
contig_19584_17,391,0.0,1.0,0.0,0.0,0.996,0.004,0.0,0.0
contig_19584_17,393,0.0,0.0,0.0,1.0,1.0,0.0,0.0,0.0
contig_19584_17,403,0.0,0.0,1.0,0.0,0.0,0.0,1.0,0.0
contig_19584_17,412,1.0,0.0,0.0,0.0,1.0,0.0,0.0,0.0
contig_19584_17,421,0.0,0.0,0.0,1.0,0.0,1.0,0.0,0.0
contig_19584_17,436,0.0,0.0,0.0,1.0,0.0,1.0,0.0,0.0
contig_19584_17,454,0.0,0.0,1.0,0.0,0.0,1.0,0.0,0.0
contig_19584_17,481,0.0,0.0,0.0,1.0,0.0,0.896,0.104,0.0
contig_19584_17,493,1.0,0.0,0.0,0.0,0.04,0.0,0.96,0.0
contig_19584_17,506,0.0,0.0,0.0,1.0,0.968,0.0,0.0,0.032
contig_19584_17,529,1.0,0.0,0.0,0.0,0.0,1.0,0.0,0.0
contig_19584_17,544,0.0,1.0,0.0,0.0,0.0,0.0,0.0,1.0
contig_19584_17,550,1.0,0.0,0.0,0.0,0.676,0.0,0.324,0.0
contig_19584_17,556,0.0,1.0,0.0,0.0,1.0,0.0,0.0,0.0
contig_19584_17,565,1.0,0.0,0.0,0.0,0.348,0.0,0.652,0.0
contig_19584_17,582,1.0,0.0,0.0,0.0,0.0,1.0,0.0,0.0
contig_19584_17,585,1.0,0.0,0.0,0.0,0.008,0.0,0.0,0.992
contig_19584_17,586,1.0,0.0,0.0,0.0,0.0,0.0,0.0,1.0
contig_19584_17,590,0.0,0.0,0.0,1.0,1.0,0.0,0.0,0.0
contig_19584_17,595,0.0,1.0,0.0,0.0,0.0,0.06,0.0,0.94
contig_19584_17,601,1.0,0.0,0.0,0.0,0.3,0.0,0.7,0.0
contig_19584_17,604,0.0,0.0,1.0,0.0,0.0,1.0,0.0,0.0
contig_19584_17,610,0.0,0.0,0.0,1.0,0.0,0.184,0.0,0.816
contig_19584_17,613,0.0,0.0,1.0,0.0,0.872,0.0,0.128,0.0
contig_19584_17,615,0.0,0.0,1.0,0.0,0.0,1.0,0.0,0.0
contig_19584_17,616,0.0,1.0,0.0,0.0,0.0,0.0,0.0,1.0
contig_19584_18,55,1.0,0.0,0.0,0.0,0.696,0.0,0.304,0.0
contig_19584_18,67,0.0,1.0,0.0,0.0,1.0,0.0,0.0,0.0
contig_19584_18,97,1.0,0.0,0.0,0.0,0.0,1.0,0.0,0.0
contig_19584_18,103,0.0,1.0,0.0,0.0,0.0,0.004,0.0,0.996
contig_19584_18,115,0.0,1.0,0.0,0.0,0.224,0.776,0.0,0.0
contig_19584_18,124,0.0,0.0,1.0,0.0,0.0,0.996,0.004,0.0
contig_19584_18,130,0.0,0.0,0.0,1.0,0.0,0.168,0.0,0.832
contig_19584_18,133,0.0,0.0,0.0,1.0,0.0,0.0,1.0,0.0
contig_19584_18,139,0.0,0.0,1.0,0.0,0.0,0.928,0.072,0.0
contig_19584_18,142,0.0,1.0,0.0,0.0,0.0,0.004,0.996,0.0
contig_19584_18,151,1.0,0.0,0.0,0.0,0.968,0.0,0.032,0.0
contig_19584_18,156,0.0,0.0,0.0,1.0,0.0,0.0,0.0,1.0
contig_19584_18,160,0.0,0.0,1.0,0.0,0.388,0.0,0.612,0.0
contig_19584_18,163,0.0,1.0,0.0,0.0,1.0,0.0,0.0,0.0
contig_19584_18,165,1.0,0.0,0.0,0.0,0.0,0.0,0.0,1.0
contig_19584_18,175,1.0,0.0,0.0,0.0,1.0,0.0,0.0,0.0
contig_19584_18,178,1.0,0.0,0.0,0.0,0.0,0.0,0.0,1.0
contig_19584_18,181,0.0,0.0,1.0,0.0,0.148,0.0,0.852,0.0
contig_19584_18,184,0.0,1.0,0.0,0.0,0.0,1.0,0.0,0.0
contig_19584_18,187,1.0,0.0,0.0,0.0,0.0,0.0,1.0,0.0
contig_19584_18,193,0.0,0.0,0.0,1.0,0.0,0.004,0.036,0.96
contig_19584_18,196,0.0,0.0,1.0,0.0,0.912,0.0,0.088,0.0
contig_19584_18,199,0.0,0.0,0.0,1.0,0.0,0.376,0.0,0.624
contig_19584_18,208,0.0,0.0,1.0,0.0,0.004,0.0,0.996,0.0
contig_19584_18,209,0.0,0.0,1.0,0.0,0.0,1.0,0.0,0.0
contig_19584_18,210,1.0,0.0,0.0,0.0,0.0,1.0,0.0,0.0
contig_19584_18,211,0.0,0.0,1.0,0.0,0.088,0.0,0.912,0.0
contig_19584_18,214,0.0,1.0,0.0,0.0,0.0,0.0,1.0,0.0
contig_19584_18,217,1.0,0.0,0.0,0.0,0.852,0.0,0.148,0.0
contig_19584_18,220,0.0,1.0,0.0,0.0,1.0,0.0,0.0,0.0
contig_19584_18,226,1.0,0.0,0.0,0.0,1.0,0.0,0.0,0.0
contig_19584_18,244,1.0,0.0,0.0,0.0,0.0,0.0,1.0,0.0
contig_19584_18,253,0.0,0.0,0.0,1.0,0.0,0.028,0.0,0.972
contig_19584_18,262,0.0,0.0,1.0,0.0,0.0,0.0,0.084,0.916
contig_19584_18,266,0.0,0.0,0.0,1.0,0.0,0.0,0.0,1.0
contig_19584_18,268,1.0,0.0,0.0,0.0,0.948,0.0,0.052,0.0
contig_19584_18,286,0.0,1.0,0.0,0.0,0.0,0.0,1.0,0.0
contig_19584_18,289,0.0,0.0,1.0,0.0,0.0,0.304,0.696,0.0
contig_19584_18,292,0.0,1.0,0.0,0.0,0.0,0.008,0.992,0.0
contig_19584_18,294,0.0,1.0,0.0,0.0,0.0,0.636,0.0,0.364
contig_19584_18,295,1.0,0.0,0.0,0.0,0.0,0.0,1.0,0.0
contig_19584_18,298,1.0,0.0,0.0,0.0,0.0,0.0,1.0,0.0
contig_19584_18,307,0.0,0.0,1.0,0.0,0.0,0.0,1.0,0.0
contig_19584_18,316,0.0,0.0,1.0,0.0,0.0,0.0,0.028,0.972
contig_19584_18,319,0.0,1.0,0.0,0.0,0.0,0.188,0.0,0.812
contig_19584_18,328,0.0,1.0,0.0,0.0,0.0,0.0,1.0,0.0
contig_19584_18,331,0.0,0.0,0.0,1.0,0.0,1.0,0.0,0.0
contig_19584_18,337,0.0,0.0,1.0,0.0,1.0,0.0,0.0,0.0
contig_19584_18,349,0.0,1.0,0.0,0.0,0.0,0.0,1.0,0.0
contig_19584_18,364,0.0,1.0,0.0,0.0,0.0,1.0,0.0,0.0
contig_19584_18,367,1.0,0.0,0.0,0.0,0.0,0.0,1.0,0.0
contig_19584_18,369,0.0,1.0,0.0,0.0,1.0,0.0,0.0,0.0
contig_19584_18,370,1.0,0.0,0.0,0.0,0.0,0.0,0.0,1.0
contig_19584_18,373,0.0,0.0,1.0,0.0,1.0,0.0,0.0,0.0
contig_19584_18,376,0.0,0.0,0.0,1.0,1.0,0.0,0.0,0.0
contig_19584_18,379,0.0,1.0,0.0,0.0,0.0,0.0,1.0,0.0
contig_19584_18,391,1.0,0.0,0.0,0.0,0.0,0.0,1.0,0.0
contig_19584_18,394,0.0,0.0,1.0,0.0,0.0,0.0,1.0,0.0
contig_19584_18,400,1.0,0.0,0.0,0.0,0.0,0.0,0.0,1.0
contig_19584_18,403,1.0,0.0,0.0,0.0,0.0,0.0,0.0,1.0
contig_19584_18,406,0.0,0.0,1.0,0.0,0.0,1.0,0.0,0.0
contig_19584_18,433,1.0,0.0,0.0,0.0,0.0,0.0,1.0,0.0
contig_19584_18,436,0.0,0.0,0.0,1.0,0.0,1.0,0.0,0.0
contig_19584_18,439,0.0,0.0,1.0,0.0,0.0,0.0,0.0,1.0
contig_19584_18,441,0.0,1.0,0.0,0.0,0.0,1.0,0.0,0.0
contig_19584_18,448,0.0,1.0,0.0,0.0,0.0,1.0,0.0,0.0
contig_19584_18,454,0.0,1.0,0.0,0.0,0.0,0.0,1.0,0.0
contig_19584_18,456,1.0,0.0,0.0,0.0,0.0,0.0,1.0,0.0
contig_19584_18,457,1.0,0.0,0.0,0.0,1.0,0.0,0.0,0.0
contig_19584_18,463,1.0,0.0,0.0,0.0,0.0,0.0,0.0,1.0
contig_19584_18,469,0.0,0.0,1.0,0.0,0.0,0.0,1.0,0.0
contig_19584_18,472,0.0,0.0,0.0,1.0,0.0,1.0,0.0,0.0
contig_19584_18,476,0.0,0.0,1.0,0.0,0.0,0.0,0.0,1.0
contig_19584_18,478,0.0,1.0,0.0,0.0,0.0,0.0,0.0,1.0
contig_19584_18,481,1.0,0.0,0.0,0.0,0.0,1.0,0.0,0.0
contig_19584_18,487,1.0,0.0,0.0,0.0,0.0,0.0,1.0,0.0
contig_19584_18,489,0.0,1.0,0.0,0.0,0.0,1.0,0.0,0.0
contig_19584_18,502,1.0,0.0,0.0,0.0,0.0,0.0,1.0,0.0
contig_19584_18,505,0.0,0.0,0.0,1.0,0.0,0.0,0.0,1.0
contig_19584_18,511,0.0,1.0,0.0,0.0,0.0,1.0,0.0,0.0
contig_19584_18,532,0.0,0.0,1.0,0.0,1.0,0.0,0.0,0.0
contig_19584_18,538,0.0,0.0,0.0,1.0,0.0,0.988,0.0,0.012
contig_19584_18,544,0.0,0.0,0.0,1.0,0.0,1.0,0.0,0.0
contig_19584_18,547,0.0,1.0,0.0,0.0,0.0,0.0,1.0,0.0
contig_19584_18,550,0.0,1.0,0.0,0.0,0.0,0.0,0.0,1.0
contig_19584_18,553,1.0,0.0,0.0,0.0,0.0,0.0,1.0,0.0
contig_19584_18,555,1.0,0.0,0.0,0.0,0.008,0.0,0.0,0.992
contig_19584_18,567,0.0,1.0,0.0,0.0,0.0,0.088,0.0,0.912
contig_19584_18,568,1.0,0.0,0.0,0.0,0.88,0.0,0.12,0.0
contig_19584_18,579,0.0,1.0,0.0,0.0,0.9,0.1,0.0,0.0
contig_19584_18,592,1.0,0.0,0.0,0.0,0.008,0.992,0.0,0.0
contig_19584_18,595,1.0,0.0,0.0,0.0,0.032,0.132,0.0,0.836
contig_19584_18,597,0.0,0.0,0.0,1.0,0.04,0.008,0.0,0.952
contig_19584_18,643,0.0,1.0,0.0,0.0,0.0,1.0,0.0,0.0
contig_19584_18,648,0.0,0.0,1.0,0.0,1.0,0.0,0.0,0.0
contig_19584_18,649,0.0,0.0,0.0,1.0,0.0,1.0,0.0,0.0
contig_19584_18,655,1.0,0.0,0.0,0.0,0.0,0.0,0.0,1.0
contig_19584_18,656,1.0,0.0,0.0,0.0,0.0,1.0,0.0,0.0
contig_19584_18,659,0.0,0.0,1.0,0.0,1.0,0.0,0.0,0.0
contig_19584_18,664,1.0,0.0,0.0,0.0,0.0,0.0,0.0,1.0
